Index,KernelName,gpu-id
0,__amd_rocclr_fillBufferAligned.kd,2
1,__amd_rocclr_fillBufferAligned.kd,2
2,"void kernel_gemm_xdlops_v2r4r2_simplified<GridwiseGemm_bk0mk1_bk0nk1_mn_xdlops_v2r4r2, true, (InMemoryDataOperationEnum)1, BlockToCTileMap_3DGrid_KSplit, PassThrough, PassThrough, PassThrough>(GridwiseGemm_bk0mk1_bk0nk1_mn_xdlops_v2r4r2<256, _Float16, _Float16, float, _Float16, RowMajor, ColumnMajor, RowMajor, PassThrough, PassThrough, PassThrough, (GemmSpecialization)3, 1, 64, 64, 4, 32, 32, 8, 1, 1, Sequence, Sequence, Sequence, 3, 8, 8, false, true, Sequence, Sequence, Sequence, 3, 8, 8, false, true, 1, 1, 8, Sequence, (LoopScheduler)0, (PipelineVersion)0, _Float16, _Float16, _Float16, Argument, BlockToCTileMap_3DGrid_KSplit PassThrough, PassThrough, PassThrough) (kd)",2
3,__amd_rocclr_fillBufferAligned.kd,2
4,"void kernel_gemm_xdlops_v2r4r2_simplified<GridwiseGemm_bk0mk1_bk0nk1_mn_xdlops_v2r4r2, true, (InMemoryDataOperationEnum)1, BlockToCTileMap_3DGrid_KSplit, PassThrough, PassThrough, PassThrough>(GridwiseGemm_bk0mk1_bk0nk1_mn_xdlops_v2r4r2<256, _Float16, _Float16, float, _Float16, RowMajor, ColumnMajor, RowMajor, PassThrough, PassThrough, PassThrough, (GemmSpecialization)3, 1, 64, 64, 4, 32, 32, 8, 1, 1, Sequence, Sequence, Sequence, 3, 8, 8, false, true, Sequence, Sequence, Sequence, 3, 8, 8, false, true, 1, 1, 8, Sequence, (LoopScheduler)0, (PipelineVersion)0, _Float16, _Float16, _Float16, Argument, BlockToCTileMap_3DGrid_KSplit PassThrough, PassThrough, PassThrough) (kd)",2
5,"void kernel_gemm_xdlops_v2r4r2_simplified<GridwiseGemm_bk0mk1_bk0nk1_mn_xdlops_v2r4r2, true, (InMemoryDataOperationEnum)1, BlockToCTileMap_3DGrid_KSplit, PassThrough, PassThrough, PassThrough>(GridwiseGemm_bk0mk1_bk0nk1_mn_xdlops_v2r4r2<256, _Float16, _Float16, float, _Float16, RowMajor, ColumnMajor, RowMajor, PassThrough, PassThrough, PassThrough, (GemmSpecialization)3, 1, 64, 64, 4, 32, 32, 8, 1, 1, Sequence, Sequence, Sequence, 3, 8, 8, false, true, Sequence, Sequence, Sequence, 3, 8, 8, false, true, 1, 1, 8, Sequence, (LoopScheduler)0, (PipelineVersion)0, _Float16, _Float16, _Float16, Argument, BlockToCTileMap_3DGrid_KSplit PassThrough, PassThrough, PassThrough) (kd)",2
6,"void kernel_gemm_xdlops_v2r4r2_simplified<GridwiseGemm_bk0mk1_bk0nk1_mn_xdlops_v2r4r2, true, (InMemoryDataOperationEnum)1, BlockToCTileMap_3DGrid_KSplit, PassThrough, PassThrough, PassThrough>(GridwiseGemm_bk0mk1_bk0nk1_mn_xdlops_v2r4r2<256, _Float16, _Float16, float, _Float16, RowMajor, ColumnMajor, RowMajor, PassThrough, PassThrough, PassThrough, (GemmSpecialization)3, 1, 64, 64, 4, 32, 32, 8, 1, 1, Sequence, Sequence, Sequence, 3, 8, 8, false, true, Sequence, Sequence, Sequence, 3, 8, 8, false, true, 1, 1, 8, Sequence, (LoopScheduler)0, (PipelineVersion)0, _Float16, _Float16, _Float16, Argument, BlockToCTileMap_3DGrid_KSplit PassThrough, PassThrough, PassThrough) (kd)",2
7,"void kernel_gemm_xdlops_v2r4r2_simplified<GridwiseGemm_bk0mk1_bk0nk1_mn_xdlops_v2r4r2, true, (InMemoryDataOperationEnum)1, BlockToCTileMap_3DGrid_KSplit, PassThrough, PassThrough, PassThrough>(GridwiseGemm_bk0mk1_bk0nk1_mn_xdlops_v2r4r2<256, _Float16, _Float16, float, _Float16, RowMajor, ColumnMajor, RowMajor, PassThrough, PassThrough, PassThrough, (GemmSpecialization)3, 1, 64, 64, 4, 32, 32, 8, 1, 1, Sequence, Sequence, Sequence, 3, 8, 8, false, true, Sequence, Sequence, Sequence, 3, 8, 8, false, true, 1, 1, 8, Sequence, (LoopScheduler)0, (PipelineVersion)0, _Float16, _Float16, _Float16, Argument, BlockToCTileMap_3DGrid_KSplit PassThrough, PassThrough, PassThrough) (kd)",2
8,"void kernel_gemm_xdlops_v2r4r2_simplified<GridwiseGemm_bk0mk1_bk0nk1_mn_xdlops_v2r4r2, true, (InMemoryDataOperationEnum)1, BlockToCTileMap_3DGrid_KSplit, PassThrough, PassThrough, PassThrough>(GridwiseGemm_bk0mk1_bk0nk1_mn_xdlops_v2r4r2<256, _Float16, _Float16, float, _Float16, RowMajor, ColumnMajor, RowMajor, PassThrough, PassThrough, PassThrough, (GemmSpecialization)3, 1, 64, 64, 4, 32, 32, 8, 1, 1, Sequence, Sequence, Sequence, 3, 8, 8, false, true, Sequence, Sequence, Sequence, 3, 8, 8, false, true, 1, 1, 8, Sequence, (LoopScheduler)0, (PipelineVersion)0, _Float16, _Float16, _Float16, Argument, BlockToCTileMap_3DGrid_KSplit PassThrough, PassThrough, PassThrough) (kd)",2
9,"void kernel_gemm_xdlops_v2r4r2_simplified<GridwiseGemm_bk0mk1_bk0nk1_mn_xdlops_v2r4r2, true, (InMemoryDataOperationEnum)1, BlockToCTileMap_3DGrid_KSplit, PassThrough, PassThrough, PassThrough>(GridwiseGemm_bk0mk1_bk0nk1_mn_xdlops_v2r4r2<256, _Float16, _Float16, float, _Float16, RowMajor, ColumnMajor, RowMajor, PassThrough, PassThrough, PassThrough, (GemmSpecialization)3, 1, 64, 64, 4, 32, 32, 8, 1, 1, Sequence, Sequence, Sequence, 3, 8, 8, false, true, Sequence, Sequence, Sequence, 3, 8, 8, false, true, 1, 1, 8, Sequence, (LoopScheduler)0, (PipelineVersion)0, _Float16, _Float16, _Float16, Argument, BlockToCTileMap_3DGrid_KSplit PassThrough, PassThrough, PassThrough) (kd)",2
10,"void kernel_gemm_xdlops_v2r4r2_simplified<GridwiseGemm_bk0mk1_bk0nk1_mn_xdlops_v2r4r2, true, (InMemoryDataOperationEnum)1, BlockToCTileMap_3DGrid_KSplit, PassThrough, PassThrough, PassThrough>(GridwiseGemm_bk0mk1_bk0nk1_mn_xdlops_v2r4r2<256, _Float16, _Float16, float, _Float16, RowMajor, ColumnMajor, RowMajor, PassThrough, PassThrough, PassThrough, (GemmSpecialization)3, 1, 64, 64, 4, 32, 32, 8, 1, 1, Sequence, Sequence, Sequence, 3, 8, 8, false, true, Sequence, Sequence, Sequence, 3, 8, 8, false, true, 1, 1, 8, Sequence, (LoopScheduler)0, (PipelineVersion)0, _Float16, _Float16, _Float16, Argument, BlockToCTileMap_3DGrid_KSplit PassThrough, PassThrough, PassThrough) (kd)",2
11,"void kernel_gemm_xdlops_v2r4r2_simplified<GridwiseGemm_bk0mk1_bk0nk1_mn_xdlops_v2r4r2, true, (InMemoryDataOperationEnum)1, BlockToCTileMap_3DGrid_KSplit, PassThrough, PassThrough, PassThrough>(GridwiseGemm_bk0mk1_bk0nk1_mn_xdlops_v2r4r2<256, _Float16, _Float16, float, _Float16, RowMajor, ColumnMajor, RowMajor, PassThrough, PassThrough, PassThrough, (GemmSpecialization)3, 1, 64, 64, 4, 32, 32, 8, 1, 1, Sequence, Sequence, Sequence, 3, 8, 8, false, true, Sequence, Sequence, Sequence, 3, 8, 8, false, true, 1, 1, 8, Sequence, (LoopScheduler)0, (PipelineVersion)0, _Float16, _Float16, _Float16, Argument, BlockToCTileMap_3DGrid_KSplit PassThrough, PassThrough, PassThrough) (kd)",2
12,"void kernel_gemm_xdlops_v2r4r2_simplified<GridwiseGemm_bk0mk1_bk0nk1_mn_xdlops_v2r4r2, true, (InMemoryDataOperationEnum)1, BlockToCTileMap_3DGrid_KSplit, PassThrough, PassThrough, PassThrough>(GridwiseGemm_bk0mk1_bk0nk1_mn_xdlops_v2r4r2<256, _Float16, _Float16, float, _Float16, RowMajor, ColumnMajor, RowMajor, PassThrough, PassThrough, PassThrough, (GemmSpecialization)3, 1, 64, 64, 4, 32, 32, 8, 1, 1, Sequence, Sequence, Sequence, 3, 8, 8, false, true, Sequence, Sequence, Sequence, 3, 8, 8, false, true, 1, 1, 8, Sequence, (LoopScheduler)0, (PipelineVersion)0, _Float16, _Float16, _Float16, Argument, BlockToCTileMap_3DGrid_KSplit PassThrough, PassThrough, PassThrough) (kd)",2
13,"void kernel_gemm_xdlops_v2r4r2_simplified<GridwiseGemm_bk0mk1_bk0nk1_mn_xdlops_v2r4r2, true, (InMemoryDataOperationEnum)1, BlockToCTileMap_3DGrid_KSplit, PassThrough, PassThrough, PassThrough>(GridwiseGemm_bk0mk1_bk0nk1_mn_xdlops_v2r4r2<256, _Float16, _Float16, float, _Float16, RowMajor, ColumnMajor, RowMajor, PassThrough, PassThrough, PassThrough, (GemmSpecialization)3, 1, 64, 64, 4, 32, 32, 8, 1, 1, Sequence, Sequence, Sequence, 3, 8, 8, false, true, Sequence, Sequence, Sequence, 3, 8, 8, false, true, 1, 1, 8, Sequence, (LoopScheduler)0, (PipelineVersion)0, _Float16, _Float16, _Float16, Argument, BlockToCTileMap_3DGrid_KSplit PassThrough, PassThrough, PassThrough) (kd)",2
14,"void kernel_gemm_xdlops_v2r4r2_simplified<GridwiseGemm_bk0mk1_bk0nk1_mn_xdlops_v2r4r2, true, (InMemoryDataOperationEnum)1, BlockToCTileMap_3DGrid_KSplit, PassThrough, PassThrough, PassThrough>(GridwiseGemm_bk0mk1_bk0nk1_mn_xdlops_v2r4r2<256, _Float16, _Float16, float, _Float16, RowMajor, ColumnMajor, RowMajor, PassThrough, PassThrough, PassThrough, (GemmSpecialization)3, 1, 64, 64, 4, 32, 32, 8, 1, 1, Sequence, Sequence, Sequence, 3, 8, 8, false, true, Sequence, Sequence, Sequence, 3, 8, 8, false, true, 1, 1, 8, Sequence, (LoopScheduler)0, (PipelineVersion)0, _Float16, _Float16, _Float16, Argument, BlockToCTileMap_3DGrid_KSplit PassThrough, PassThrough, PassThrough) (kd)",2
15,"void kernel_gemm_xdlops_v2r4r2_simplified<GridwiseGemm_bk0mk1_bk0nk1_mn_xdlops_v2r4r2, true, (InMemoryDataOperationEnum)1, BlockToCTileMap_3DGrid_KSplit, PassThrough, PassThrough, PassThrough>(GridwiseGemm_bk0mk1_bk0nk1_mn_xdlops_v2r4r2<256, _Float16, _Float16, float, _Float16, RowMajor, ColumnMajor, RowMajor, PassThrough, PassThrough, PassThrough, (GemmSpecialization)3, 1, 64, 64, 4, 32, 32, 8, 1, 1, Sequence, Sequence, Sequence, 3, 8, 8, false, true, Sequence, Sequence, Sequence, 3, 8, 8, false, true, 1, 1, 8, Sequence, (LoopScheduler)0, (PipelineVersion)0, _Float16, _Float16, _Float16, Argument, BlockToCTileMap_3DGrid_KSplit PassThrough, PassThrough, PassThrough) (kd)",2
16,"void kernel_gemm_xdlops_v2r4r2_simplified<GridwiseGemm_bk0mk1_bk0nk1_mn_xdlops_v2r4r2, true, (InMemoryDataOperationEnum)1, BlockToCTileMap_3DGrid_KSplit, PassThrough, PassThrough, PassThrough>(GridwiseGemm_bk0mk1_bk0nk1_mn_xdlops_v2r4r2<256, _Float16, _Float16, float, _Float16, RowMajor, ColumnMajor, RowMajor, PassThrough, PassThrough, PassThrough, (GemmSpecialization)3, 1, 64, 64, 4, 32, 32, 8, 1, 1, Sequence, Sequence, Sequence, 3, 8, 8, false, true, Sequence, Sequence, Sequence, 3, 8, 8, false, true, 1, 1, 8, Sequence, (LoopScheduler)0, (PipelineVersion)0, _Float16, _Float16, _Float16, Argument, BlockToCTileMap_3DGrid_KSplit PassThrough, PassThrough, PassThrough) (kd)",2
17,"void kernel_gemm_xdlops_v2r4r2_simplified<GridwiseGemm_bk0mk1_bk0nk1_mn_xdlops_v2r4r2, true, (InMemoryDataOperationEnum)1, BlockToCTileMap_3DGrid_KSplit, PassThrough, PassThrough, PassThrough>(GridwiseGemm_bk0mk1_bk0nk1_mn_xdlops_v2r4r2<256, _Float16, _Float16, float, _Float16, RowMajor, ColumnMajor, RowMajor, PassThrough, PassThrough, PassThrough, (GemmSpecialization)3, 1, 64, 64, 4, 32, 32, 8, 1, 1, Sequence, Sequence, Sequence, 3, 8, 8, false, true, Sequence, Sequence, Sequence, 3, 8, 8, false, true, 1, 1, 8, Sequence, (LoopScheduler)0, (PipelineVersion)0, _Float16, _Float16, _Float16, Argument, BlockToCTileMap_3DGrid_KSplit PassThrough, PassThrough, PassThrough) (kd)",2
18,"void kernel_gemm_xdlops_v2r4r2_simplified<GridwiseGemm_bk0mk1_bk0nk1_mn_xdlops_v2r4r2, true, (InMemoryDataOperationEnum)1, BlockToCTileMap_3DGrid_KSplit, PassThrough, PassThrough, PassThrough>(GridwiseGemm_bk0mk1_bk0nk1_mn_xdlops_v2r4r2<256, _Float16, _Float16, float, _Float16, RowMajor, ColumnMajor, RowMajor, PassThrough, PassThrough, PassThrough, (GemmSpecialization)3, 1, 64, 64, 4, 32, 32, 8, 1, 1, Sequence, Sequence, Sequence, 3, 8, 8, false, true, Sequence, Sequence, Sequence, 3, 8, 8, false, true, 1, 1, 8, Sequence, (LoopScheduler)0, (PipelineVersion)0, _Float16, _Float16, _Float16, Argument, BlockToCTileMap_3DGrid_KSplit PassThrough, PassThrough, PassThrough) (kd)",2
19,"void kernel_gemm_xdlops_v2r4r2_simplified<GridwiseGemm_bk0mk1_bk0nk1_mn_xdlops_v2r4r2, true, (InMemoryDataOperationEnum)1, BlockToCTileMap_3DGrid_KSplit, PassThrough, PassThrough, PassThrough>(GridwiseGemm_bk0mk1_bk0nk1_mn_xdlops_v2r4r2<256, _Float16, _Float16, float, _Float16, RowMajor, ColumnMajor, RowMajor, PassThrough, PassThrough, PassThrough, (GemmSpecialization)3, 1, 64, 64, 4, 32, 32, 8, 1, 1, Sequence, Sequence, Sequence, 3, 8, 8, false, true, Sequence, Sequence, Sequence, 3, 8, 8, false, true, 1, 1, 8, Sequence, (LoopScheduler)0, (PipelineVersion)0, _Float16, _Float16, _Float16, Argument, BlockToCTileMap_3DGrid_KSplit PassThrough, PassThrough, PassThrough) (kd)",2
20,"void kernel_gemm_xdlops_v2r4r2_simplified<GridwiseGemm_bk0mk1_bk0nk1_mn_xdlops_v2r4r2, true, (InMemoryDataOperationEnum)1, BlockToCTileMap_3DGrid_KSplit, PassThrough, PassThrough, PassThrough>(GridwiseGemm_bk0mk1_bk0nk1_mn_xdlops_v2r4r2<256, _Float16, _Float16, float, _Float16, RowMajor, ColumnMajor, RowMajor, PassThrough, PassThrough, PassThrough, (GemmSpecialization)3, 1, 64, 64, 4, 32, 32, 8, 1, 1, Sequence, Sequence, Sequence, 3, 8, 8, false, true, Sequence, Sequence, Sequence, 3, 8, 8, false, true, 1, 1, 8, Sequence, (LoopScheduler)0, (PipelineVersion)0, _Float16, _Float16, _Float16, Argument, BlockToCTileMap_3DGrid_KSplit PassThrough, PassThrough, PassThrough) (kd)",2
21,"void kernel_gemm_xdlops_v2r4r2_simplified<GridwiseGemm_bk0mk1_bk0nk1_mn_xdlops_v2r4r2, true, (InMemoryDataOperationEnum)1, BlockToCTileMap_3DGrid_KSplit, PassThrough, PassThrough, PassThrough>(GridwiseGemm_bk0mk1_bk0nk1_mn_xdlops_v2r4r2<256, _Float16, _Float16, float, _Float16, RowMajor, ColumnMajor, RowMajor, PassThrough, PassThrough, PassThrough, (GemmSpecialization)3, 1, 64, 64, 4, 32, 32, 8, 1, 1, Sequence, Sequence, Sequence, 3, 8, 8, false, true, Sequence, Sequence, Sequence, 3, 8, 8, false, true, 1, 1, 8, Sequence, (LoopScheduler)0, (PipelineVersion)0, _Float16, _Float16, _Float16, Argument, BlockToCTileMap_3DGrid_KSplit PassThrough, PassThrough, PassThrough) (kd)",2
22,"void kernel_gemm_xdlops_v2r4r2_simplified<GridwiseGemm_bk0mk1_bk0nk1_mn_xdlops_v2r4r2, true, (InMemoryDataOperationEnum)1, BlockToCTileMap_3DGrid_KSplit, PassThrough, PassThrough, PassThrough>(GridwiseGemm_bk0mk1_bk0nk1_mn_xdlops_v2r4r2<256, _Float16, _Float16, float, _Float16, RowMajor, ColumnMajor, RowMajor, PassThrough, PassThrough, PassThrough, (GemmSpecialization)3, 1, 64, 64, 4, 32, 32, 8, 1, 1, Sequence, Sequence, Sequence, 3, 8, 8, false, true, Sequence, Sequence, Sequence, 3, 8, 8, false, true, 1, 1, 8, Sequence, (LoopScheduler)0, (PipelineVersion)0, _Float16, _Float16, _Float16, Argument, BlockToCTileMap_3DGrid_KSplit PassThrough, PassThrough, PassThrough) (kd)",2
23,"void kernel_gemm_xdlops_v2r4r2_simplified<GridwiseGemm_bk0mk1_bk0nk1_mn_xdlops_v2r4r2, true, (InMemoryDataOperationEnum)1, BlockToCTileMap_3DGrid_KSplit, PassThrough, PassThrough, PassThrough>(GridwiseGemm_bk0mk1_bk0nk1_mn_xdlops_v2r4r2<256, _Float16, _Float16, float, _Float16, RowMajor, ColumnMajor, RowMajor, PassThrough, PassThrough, PassThrough, (GemmSpecialization)3, 1, 64, 64, 4, 32, 32, 8, 1, 1, Sequence, Sequence, Sequence, 3, 8, 8, false, true, Sequence, Sequence, Sequence, 3, 8, 8, false, true, 1, 1, 8, Sequence, (LoopScheduler)0, (PipelineVersion)0, _Float16, _Float16, _Float16, Argument, BlockToCTileMap_3DGrid_KSplit PassThrough, PassThrough, PassThrough) (kd)",2
24,"void kernel_gemm_xdlops_v2r4r2_simplified<GridwiseGemm_bk0mk1_bk0nk1_mn_xdlops_v2r4r2, true, (InMemoryDataOperationEnum)1, BlockToCTileMap_3DGrid_KSplit, PassThrough, PassThrough, PassThrough>(GridwiseGemm_bk0mk1_bk0nk1_mn_xdlops_v2r4r2<256, _Float16, _Float16, float, _Float16, RowMajor, ColumnMajor, RowMajor, PassThrough, PassThrough, PassThrough, (GemmSpecialization)3, 1, 64, 64, 4, 32, 32, 8, 1, 1, Sequence, Sequence, Sequence, 3, 8, 8, false, true, Sequence, Sequence, Sequence, 3, 8, 8, false, true, 1, 1, 8, Sequence, (LoopScheduler)0, (PipelineVersion)0, _Float16, _Float16, _Float16, Argument, BlockToCTileMap_3DGrid_KSplit PassThrough, PassThrough, PassThrough) (kd)",2
25,"void kernel_gemm_xdlops_v2r4r2_simplified<GridwiseGemm_bk0mk1_bk0nk1_mn_xdlops_v2r4r2, true, (InMemoryDataOperationEnum)1, BlockToCTileMap_3DGrid_KSplit, PassThrough, PassThrough, PassThrough>(GridwiseGemm_bk0mk1_bk0nk1_mn_xdlops_v2r4r2<256, _Float16, _Float16, float, _Float16, RowMajor, ColumnMajor, RowMajor, PassThrough, PassThrough, PassThrough, (GemmSpecialization)3, 1, 64, 64, 4, 32, 32, 8, 1, 1, Sequence, Sequence, Sequence, 3, 8, 8, false, true, Sequence, Sequence, Sequence, 3, 8, 8, false, true, 1, 1, 8, Sequence, (LoopScheduler)0, (PipelineVersion)0, _Float16, _Float16, _Float16, Argument, BlockToCTileMap_3DGrid_KSplit PassThrough, PassThrough, PassThrough) (kd)",2
26,"void kernel_gemm_xdlops_v2r4r2_simplified<GridwiseGemm_bk0mk1_bk0nk1_mn_xdlops_v2r4r2, true, (InMemoryDataOperationEnum)1, BlockToCTileMap_3DGrid_KSplit, PassThrough, PassThrough, PassThrough>(GridwiseGemm_bk0mk1_bk0nk1_mn_xdlops_v2r4r2<256, _Float16, _Float16, float, _Float16, RowMajor, ColumnMajor, RowMajor, PassThrough, PassThrough, PassThrough, (GemmSpecialization)3, 1, 64, 64, 4, 32, 32, 8, 1, 1, Sequence, Sequence, Sequence, 3, 8, 8, false, true, Sequence, Sequence, Sequence, 3, 8, 8, false, true, 1, 1, 8, Sequence, (LoopScheduler)0, (PipelineVersion)0, _Float16, _Float16, _Float16, Argument, BlockToCTileMap_3DGrid_KSplit PassThrough, PassThrough, PassThrough) (kd)",2
27,"void kernel_gemm_xdlops_v2r4r2_simplified<GridwiseGemm_bk0mk1_bk0nk1_mn_xdlops_v2r4r2, true, (InMemoryDataOperationEnum)1, BlockToCTileMap_3DGrid_KSplit, PassThrough, PassThrough, PassThrough>(GridwiseGemm_bk0mk1_bk0nk1_mn_xdlops_v2r4r2<256, _Float16, _Float16, float, _Float16, RowMajor, ColumnMajor, RowMajor, PassThrough, PassThrough, PassThrough, (GemmSpecialization)3, 1, 64, 64, 4, 32, 32, 8, 1, 1, Sequence, Sequence, Sequence, 3, 8, 8, false, true, Sequence, Sequence, Sequence, 3, 8, 8, false, true, 1, 1, 8, Sequence, (LoopScheduler)0, (PipelineVersion)0, _Float16, _Float16, _Float16, Argument, BlockToCTileMap_3DGrid_KSplit PassThrough, PassThrough, PassThrough) (kd)",2
28,"void kernel_gemm_xdlops_v2r4r2_simplified<GridwiseGemm_bk0mk1_bk0nk1_mn_xdlops_v2r4r2, true, (InMemoryDataOperationEnum)1, BlockToCTileMap_3DGrid_KSplit, PassThrough, PassThrough, PassThrough>(GridwiseGemm_bk0mk1_bk0nk1_mn_xdlops_v2r4r2<256, _Float16, _Float16, float, _Float16, RowMajor, ColumnMajor, RowMajor, PassThrough, PassThrough, PassThrough, (GemmSpecialization)3, 1, 64, 64, 4, 32, 32, 8, 1, 1, Sequence, Sequence, Sequence, 3, 8, 8, false, true, Sequence, Sequence, Sequence, 3, 8, 8, false, true, 1, 1, 8, Sequence, (LoopScheduler)0, (PipelineVersion)0, _Float16, _Float16, _Float16, Argument, BlockToCTileMap_3DGrid_KSplit PassThrough, PassThrough, PassThrough) (kd)",2
29,"void kernel_gemm_xdlops_v2r4r2_simplified<GridwiseGemm_bk0mk1_bk0nk1_mn_xdlops_v2r4r2, true, (InMemoryDataOperationEnum)1, BlockToCTileMap_3DGrid_KSplit, PassThrough, PassThrough, PassThrough>(GridwiseGemm_bk0mk1_bk0nk1_mn_xdlops_v2r4r2<256, _Float16, _Float16, float, _Float16, RowMajor, ColumnMajor, RowMajor, PassThrough, PassThrough, PassThrough, (GemmSpecialization)3, 1, 64, 64, 4, 32, 32, 8, 1, 1, Sequence, Sequence, Sequence, 3, 8, 8, false, true, Sequence, Sequence, Sequence, 3, 8, 8, false, true, 1, 1, 8, Sequence, (LoopScheduler)0, (PipelineVersion)0, _Float16, _Float16, _Float16, Argument, BlockToCTileMap_3DGrid_KSplit PassThrough, PassThrough, PassThrough) (kd)",2
30,"void kernel_gemm_xdlops_v2r4r2_simplified<GridwiseGemm_bk0mk1_bk0nk1_mn_xdlops_v2r4r2, true, (InMemoryDataOperationEnum)1, BlockToCTileMap_3DGrid_KSplit, PassThrough, PassThrough, PassThrough>(GridwiseGemm_bk0mk1_bk0nk1_mn_xdlops_v2r4r2<256, _Float16, _Float16, float, _Float16, RowMajor, ColumnMajor, RowMajor, PassThrough, PassThrough, PassThrough, (GemmSpecialization)3, 1, 64, 64, 4, 32, 32, 8, 1, 1, Sequence, Sequence, Sequence, 3, 8, 8, false, true, Sequence, Sequence, Sequence, 3, 8, 8, false, true, 1, 1, 8, Sequence, (LoopScheduler)0, (PipelineVersion)0, _Float16, _Float16, _Float16, Argument, BlockToCTileMap_3DGrid_KSplit PassThrough, PassThrough, PassThrough) (kd)",2
31,"void kernel_gemm_xdlops_v2r4r2_simplified<GridwiseGemm_bk0mk1_bk0nk1_mn_xdlops_v2r4r2, true, (InMemoryDataOperationEnum)1, BlockToCTileMap_3DGrid_KSplit, PassThrough, PassThrough, PassThrough>(GridwiseGemm_bk0mk1_bk0nk1_mn_xdlops_v2r4r2<256, _Float16, _Float16, float, _Float16, RowMajor, ColumnMajor, RowMajor, PassThrough, PassThrough, PassThrough, (GemmSpecialization)3, 1, 64, 64, 4, 32, 32, 8, 1, 1, Sequence, Sequence, Sequence, 3, 8, 8, false, true, Sequence, Sequence, Sequence, 3, 8, 8, false, true, 1, 1, 8, Sequence, (LoopScheduler)0, (PipelineVersion)0, _Float16, _Float16, _Float16, Argument, BlockToCTileMap_3DGrid_KSplit PassThrough, PassThrough, PassThrough) (kd)",2
32,"void kernel_gemm_xdlops_v2r4r2_simplified<GridwiseGemm_bk0mk1_bk0nk1_mn_xdlops_v2r4r2, true, (InMemoryDataOperationEnum)1, BlockToCTileMap_3DGrid_KSplit, PassThrough, PassThrough, PassThrough>(GridwiseGemm_bk0mk1_bk0nk1_mn_xdlops_v2r4r2<256, _Float16, _Float16, float, _Float16, RowMajor, ColumnMajor, RowMajor, PassThrough, PassThrough, PassThrough, (GemmSpecialization)3, 1, 64, 64, 4, 32, 32, 8, 1, 1, Sequence, Sequence, Sequence, 3, 8, 8, false, true, Sequence, Sequence, Sequence, 3, 8, 8, false, true, 1, 1, 8, Sequence, (LoopScheduler)0, (PipelineVersion)0, _Float16, _Float16, _Float16, Argument, BlockToCTileMap_3DGrid_KSplit PassThrough, PassThrough, PassThrough) (kd)",2
33,"void kernel_gemm_xdlops_v2r4r2_simplified<GridwiseGemm_bk0mk1_bk0nk1_mn_xdlops_v2r4r2, true, (InMemoryDataOperationEnum)1, BlockToCTileMap_3DGrid_KSplit, PassThrough, PassThrough, PassThrough>(GridwiseGemm_bk0mk1_bk0nk1_mn_xdlops_v2r4r2<256, _Float16, _Float16, float, _Float16, RowMajor, ColumnMajor, RowMajor, PassThrough, PassThrough, PassThrough, (GemmSpecialization)3, 1, 64, 64, 4, 32, 32, 8, 1, 1, Sequence, Sequence, Sequence, 3, 8, 8, false, true, Sequence, Sequence, Sequence, 3, 8, 8, false, true, 1, 1, 8, Sequence, (LoopScheduler)0, (PipelineVersion)0, _Float16, _Float16, _Float16, Argument, BlockToCTileMap_3DGrid_KSplit PassThrough, PassThrough, PassThrough) (kd)",2
34,"void kernel_gemm_xdlops_v2r4r2_simplified<GridwiseGemm_bk0mk1_bk0nk1_mn_xdlops_v2r4r2, true, (InMemoryDataOperationEnum)1, BlockToCTileMap_3DGrid_KSplit, PassThrough, PassThrough, PassThrough>(GridwiseGemm_bk0mk1_bk0nk1_mn_xdlops_v2r4r2<256, _Float16, _Float16, float, _Float16, RowMajor, ColumnMajor, RowMajor, PassThrough, PassThrough, PassThrough, (GemmSpecialization)3, 1, 64, 64, 4, 32, 32, 8, 1, 1, Sequence, Sequence, Sequence, 3, 8, 8, false, true, Sequence, Sequence, Sequence, 3, 8, 8, false, true, 1, 1, 8, Sequence, (LoopScheduler)0, (PipelineVersion)0, _Float16, _Float16, _Float16, Argument, BlockToCTileMap_3DGrid_KSplit PassThrough, PassThrough, PassThrough) (kd)",2
35,"void kernel_gemm_xdlops_v2r4r2_simplified<GridwiseGemm_bk0mk1_bk0nk1_mn_xdlops_v2r4r2, true, (InMemoryDataOperationEnum)1, BlockToCTileMap_3DGrid_KSplit, PassThrough, PassThrough, PassThrough>(GridwiseGemm_bk0mk1_bk0nk1_mn_xdlops_v2r4r2<256, _Float16, _Float16, float, _Float16, RowMajor, ColumnMajor, RowMajor, PassThrough, PassThrough, PassThrough, (GemmSpecialization)3, 1, 64, 64, 4, 32, 32, 8, 1, 1, Sequence, Sequence, Sequence, 3, 8, 8, false, true, Sequence, Sequence, Sequence, 3, 8, 8, false, true, 1, 1, 8, Sequence, (LoopScheduler)0, (PipelineVersion)0, _Float16, _Float16, _Float16, Argument, BlockToCTileMap_3DGrid_KSplit PassThrough, PassThrough, PassThrough) (kd)",2
36,"void kernel_gemm_xdlops_v2r4r2_simplified<GridwiseGemm_bk0mk1_bk0nk1_mn_xdlops_v2r4r2, true, (InMemoryDataOperationEnum)1, BlockToCTileMap_3DGrid_KSplit, PassThrough, PassThrough, PassThrough>(GridwiseGemm_bk0mk1_bk0nk1_mn_xdlops_v2r4r2<256, _Float16, _Float16, float, _Float16, RowMajor, ColumnMajor, RowMajor, PassThrough, PassThrough, PassThrough, (GemmSpecialization)3, 1, 64, 64, 4, 32, 32, 8, 1, 1, Sequence, Sequence, Sequence, 3, 8, 8, false, true, Sequence, Sequence, Sequence, 3, 8, 8, false, true, 1, 1, 8, Sequence, (LoopScheduler)0, (PipelineVersion)0, _Float16, _Float16, _Float16, Argument, BlockToCTileMap_3DGrid_KSplit PassThrough, PassThrough, PassThrough) (kd)",2
37,"void kernel_gemm_xdlops_v2r4r2_simplified<GridwiseGemm_bk0mk1_bk0nk1_mn_xdlops_v2r4r2, true, (InMemoryDataOperationEnum)1, BlockToCTileMap_3DGrid_KSplit, PassThrough, PassThrough, PassThrough>(GridwiseGemm_bk0mk1_bk0nk1_mn_xdlops_v2r4r2<256, _Float16, _Float16, float, _Float16, RowMajor, ColumnMajor, RowMajor, PassThrough, PassThrough, PassThrough, (GemmSpecialization)3, 1, 64, 64, 4, 32, 32, 8, 1, 1, Sequence, Sequence, Sequence, 3, 8, 8, false, true, Sequence, Sequence, Sequence, 3, 8, 8, false, true, 1, 1, 8, Sequence, (LoopScheduler)0, (PipelineVersion)0, _Float16, _Float16, _Float16, Argument, BlockToCTileMap_3DGrid_KSplit PassThrough, PassThrough, PassThrough) (kd)",2
38,"void kernel_gemm_xdlops_v2r4r2_simplified<GridwiseGemm_bk0mk1_bk0nk1_mn_xdlops_v2r4r2, true, (InMemoryDataOperationEnum)1, BlockToCTileMap_3DGrid_KSplit, PassThrough, PassThrough, PassThrough>(GridwiseGemm_bk0mk1_bk0nk1_mn_xdlops_v2r4r2<256, _Float16, _Float16, float, _Float16, RowMajor, ColumnMajor, RowMajor, PassThrough, PassThrough, PassThrough, (GemmSpecialization)3, 1, 64, 64, 4, 32, 32, 8, 1, 1, Sequence, Sequence, Sequence, 3, 8, 8, false, true, Sequence, Sequence, Sequence, 3, 8, 8, false, true, 1, 1, 8, Sequence, (LoopScheduler)0, (PipelineVersion)0, _Float16, _Float16, _Float16, Argument, BlockToCTileMap_3DGrid_KSplit PassThrough, PassThrough, PassThrough) (kd)",2
39,"void kernel_gemm_xdlops_v2r4r2_simplified<GridwiseGemm_bk0mk1_bk0nk1_mn_xdlops_v2r4r2, true, (InMemoryDataOperationEnum)1, BlockToCTileMap_3DGrid_KSplit, PassThrough, PassThrough, PassThrough>(GridwiseGemm_bk0mk1_bk0nk1_mn_xdlops_v2r4r2<256, _Float16, _Float16, float, _Float16, RowMajor, ColumnMajor, RowMajor, PassThrough, PassThrough, PassThrough, (GemmSpecialization)3, 1, 64, 64, 4, 32, 32, 8, 1, 1, Sequence, Sequence, Sequence, 3, 8, 8, false, true, Sequence, Sequence, Sequence, 3, 8, 8, false, true, 1, 1, 8, Sequence, (LoopScheduler)0, (PipelineVersion)0, _Float16, _Float16, _Float16, Argument, BlockToCTileMap_3DGrid_KSplit PassThrough, PassThrough, PassThrough) (kd)",2
40,"void kernel_gemm_xdlops_v2r4r2_simplified<GridwiseGemm_bk0mk1_bk0nk1_mn_xdlops_v2r4r2, true, (InMemoryDataOperationEnum)1, BlockToCTileMap_3DGrid_KSplit, PassThrough, PassThrough, PassThrough>(GridwiseGemm_bk0mk1_bk0nk1_mn_xdlops_v2r4r2<256, _Float16, _Float16, float, _Float16, RowMajor, ColumnMajor, RowMajor, PassThrough, PassThrough, PassThrough, (GemmSpecialization)3, 1, 64, 64, 4, 32, 32, 8, 1, 1, Sequence, Sequence, Sequence, 3, 8, 8, false, true, Sequence, Sequence, Sequence, 3, 8, 8, false, true, 1, 1, 8, Sequence, (LoopScheduler)0, (PipelineVersion)0, _Float16, _Float16, _Float16, Argument, BlockToCTileMap_3DGrid_KSplit PassThrough, PassThrough, PassThrough) (kd)",2
41,"void kernel_gemm_xdlops_v2r4r2_simplified<GridwiseGemm_bk0mk1_bk0nk1_mn_xdlops_v2r4r2, true, (InMemoryDataOperationEnum)1, BlockToCTileMap_3DGrid_KSplit, PassThrough, PassThrough, PassThrough>(GridwiseGemm_bk0mk1_bk0nk1_mn_xdlops_v2r4r2<256, _Float16, _Float16, float, _Float16, RowMajor, ColumnMajor, RowMajor, PassThrough, PassThrough, PassThrough, (GemmSpecialization)3, 1, 64, 64, 4, 32, 32, 8, 1, 1, Sequence, Sequence, Sequence, 3, 8, 8, false, true, Sequence, Sequence, Sequence, 3, 8, 8, false, true, 1, 1, 8, Sequence, (LoopScheduler)0, (PipelineVersion)0, _Float16, _Float16, _Float16, Argument, BlockToCTileMap_3DGrid_KSplit PassThrough, PassThrough, PassThrough) (kd)",2
42,"void kernel_gemm_xdlops_v2r4r2_simplified<GridwiseGemm_bk0mk1_bk0nk1_mn_xdlops_v2r4r2, true, (InMemoryDataOperationEnum)1, BlockToCTileMap_3DGrid_KSplit, PassThrough, PassThrough, PassThrough>(GridwiseGemm_bk0mk1_bk0nk1_mn_xdlops_v2r4r2<256, _Float16, _Float16, float, _Float16, RowMajor, ColumnMajor, RowMajor, PassThrough, PassThrough, PassThrough, (GemmSpecialization)3, 1, 64, 64, 4, 32, 32, 8, 1, 1, Sequence, Sequence, Sequence, 3, 8, 8, false, true, Sequence, Sequence, Sequence, 3, 8, 8, false, true, 1, 1, 8, Sequence, (LoopScheduler)0, (PipelineVersion)0, _Float16, _Float16, _Float16, Argument, BlockToCTileMap_3DGrid_KSplit PassThrough, PassThrough, PassThrough) (kd)",2
43,"void kernel_gemm_xdlops_v2r4r2_simplified<GridwiseGemm_bk0mk1_bk0nk1_mn_xdlops_v2r4r2, true, (InMemoryDataOperationEnum)1, BlockToCTileMap_3DGrid_KSplit, PassThrough, PassThrough, PassThrough>(GridwiseGemm_bk0mk1_bk0nk1_mn_xdlops_v2r4r2<256, _Float16, _Float16, float, _Float16, RowMajor, ColumnMajor, RowMajor, PassThrough, PassThrough, PassThrough, (GemmSpecialization)3, 1, 64, 64, 4, 32, 32, 8, 1, 1, Sequence, Sequence, Sequence, 3, 8, 8, false, true, Sequence, Sequence, Sequence, 3, 8, 8, false, true, 1, 1, 8, Sequence, (LoopScheduler)0, (PipelineVersion)0, _Float16, _Float16, _Float16, Argument, BlockToCTileMap_3DGrid_KSplit PassThrough, PassThrough, PassThrough) (kd)",2
44,"void kernel_gemm_xdlops_v2r4r2_simplified<GridwiseGemm_bk0mk1_bk0nk1_mn_xdlops_v2r4r2, true, (InMemoryDataOperationEnum)1, BlockToCTileMap_3DGrid_KSplit, PassThrough, PassThrough, PassThrough>(GridwiseGemm_bk0mk1_bk0nk1_mn_xdlops_v2r4r2<256, _Float16, _Float16, float, _Float16, RowMajor, ColumnMajor, RowMajor, PassThrough, PassThrough, PassThrough, (GemmSpecialization)3, 1, 64, 64, 4, 32, 32, 8, 1, 1, Sequence, Sequence, Sequence, 3, 8, 8, false, true, Sequence, Sequence, Sequence, 3, 8, 8, false, true, 1, 1, 8, Sequence, (LoopScheduler)0, (PipelineVersion)0, _Float16, _Float16, _Float16, Argument, BlockToCTileMap_3DGrid_KSplit PassThrough, PassThrough, PassThrough) (kd)",2
45,"void kernel_gemm_xdlops_v2r4r2_simplified<GridwiseGemm_bk0mk1_bk0nk1_mn_xdlops_v2r4r2, true, (InMemoryDataOperationEnum)1, BlockToCTileMap_3DGrid_KSplit, PassThrough, PassThrough, PassThrough>(GridwiseGemm_bk0mk1_bk0nk1_mn_xdlops_v2r4r2<256, _Float16, _Float16, float, _Float16, RowMajor, ColumnMajor, RowMajor, PassThrough, PassThrough, PassThrough, (GemmSpecialization)3, 1, 64, 64, 4, 32, 32, 8, 1, 1, Sequence, Sequence, Sequence, 3, 8, 8, false, true, Sequence, Sequence, Sequence, 3, 8, 8, false, true, 1, 1, 8, Sequence, (LoopScheduler)0, (PipelineVersion)0, _Float16, _Float16, _Float16, Argument, BlockToCTileMap_3DGrid_KSplit PassThrough, PassThrough, PassThrough) (kd)",2
46,"void kernel_gemm_xdlops_v2r4r2_simplified<GridwiseGemm_bk0mk1_bk0nk1_mn_xdlops_v2r4r2, true, (InMemoryDataOperationEnum)1, BlockToCTileMap_3DGrid_KSplit, PassThrough, PassThrough, PassThrough>(GridwiseGemm_bk0mk1_bk0nk1_mn_xdlops_v2r4r2<256, _Float16, _Float16, float, _Float16, RowMajor, ColumnMajor, RowMajor, PassThrough, PassThrough, PassThrough, (GemmSpecialization)3, 1, 64, 64, 4, 32, 32, 8, 1, 1, Sequence, Sequence, Sequence, 3, 8, 8, false, true, Sequence, Sequence, Sequence, 3, 8, 8, false, true, 1, 1, 8, Sequence, (LoopScheduler)0, (PipelineVersion)0, _Float16, _Float16, _Float16, Argument, BlockToCTileMap_3DGrid_KSplit PassThrough, PassThrough, PassThrough) (kd)",2
47,"void kernel_gemm_xdlops_v2r4r2_simplified<GridwiseGemm_bk0mk1_bk0nk1_mn_xdlops_v2r4r2, true, (InMemoryDataOperationEnum)1, BlockToCTileMap_3DGrid_KSplit, PassThrough, PassThrough, PassThrough>(GridwiseGemm_bk0mk1_bk0nk1_mn_xdlops_v2r4r2<256, _Float16, _Float16, float, _Float16, RowMajor, ColumnMajor, RowMajor, PassThrough, PassThrough, PassThrough, (GemmSpecialization)3, 1, 64, 64, 4, 32, 32, 8, 1, 1, Sequence, Sequence, Sequence, 3, 8, 8, false, true, Sequence, Sequence, Sequence, 3, 8, 8, false, true, 1, 1, 8, Sequence, (LoopScheduler)0, (PipelineVersion)0, _Float16, _Float16, _Float16, Argument, BlockToCTileMap_3DGrid_KSplit PassThrough, PassThrough, PassThrough) (kd)",2
48,"void kernel_gemm_xdlops_v2r4r2_simplified<GridwiseGemm_bk0mk1_bk0nk1_mn_xdlops_v2r4r2, true, (InMemoryDataOperationEnum)1, BlockToCTileMap_3DGrid_KSplit, PassThrough, PassThrough, PassThrough>(GridwiseGemm_bk0mk1_bk0nk1_mn_xdlops_v2r4r2<256, _Float16, _Float16, float, _Float16, RowMajor, ColumnMajor, RowMajor, PassThrough, PassThrough, PassThrough, (GemmSpecialization)3, 1, 64, 64, 4, 32, 32, 8, 1, 1, Sequence, Sequence, Sequence, 3, 8, 8, false, true, Sequence, Sequence, Sequence, 3, 8, 8, false, true, 1, 1, 8, Sequence, (LoopScheduler)0, (PipelineVersion)0, _Float16, _Float16, _Float16, Argument, BlockToCTileMap_3DGrid_KSplit PassThrough, PassThrough, PassThrough) (kd)",2
49,"void kernel_gemm_xdlops_v2r4r2_simplified<GridwiseGemm_bk0mk1_bk0nk1_mn_xdlops_v2r4r2, true, (InMemoryDataOperationEnum)1, BlockToCTileMap_3DGrid_KSplit, PassThrough, PassThrough, PassThrough>(GridwiseGemm_bk0mk1_bk0nk1_mn_xdlops_v2r4r2<256, _Float16, _Float16, float, _Float16, RowMajor, ColumnMajor, RowMajor, PassThrough, PassThrough, PassThrough, (GemmSpecialization)3, 1, 64, 64, 4, 32, 32, 8, 1, 1, Sequence, Sequence, Sequence, 3, 8, 8, false, true, Sequence, Sequence, Sequence, 3, 8, 8, false, true, 1, 1, 8, Sequence, (LoopScheduler)0, (PipelineVersion)0, _Float16, _Float16, _Float16, Argument, BlockToCTileMap_3DGrid_KSplit PassThrough, PassThrough, PassThrough) (kd)",2
50,"void kernel_gemm_xdlops_v2r4r2_simplified<GridwiseGemm_bk0mk1_bk0nk1_mn_xdlops_v2r4r2, true, (InMemoryDataOperationEnum)1, BlockToCTileMap_3DGrid_KSplit, PassThrough, PassThrough, PassThrough>(GridwiseGemm_bk0mk1_bk0nk1_mn_xdlops_v2r4r2<256, _Float16, _Float16, float, _Float16, RowMajor, ColumnMajor, RowMajor, PassThrough, PassThrough, PassThrough, (GemmSpecialization)3, 1, 64, 64, 4, 32, 32, 8, 1, 1, Sequence, Sequence, Sequence, 3, 8, 8, false, true, Sequence, Sequence, Sequence, 3, 8, 8, false, true, 1, 1, 8, Sequence, (LoopScheduler)0, (PipelineVersion)0, _Float16, _Float16, _Float16, Argument, BlockToCTileMap_3DGrid_KSplit PassThrough, PassThrough, PassThrough) (kd)",2
51,"void kernel_gemm_xdlops_v2r4r2_simplified<GridwiseGemm_bk0mk1_bk0nk1_mn_xdlops_v2r4r2, true, (InMemoryDataOperationEnum)1, BlockToCTileMap_3DGrid_KSplit, PassThrough, PassThrough, PassThrough>(GridwiseGemm_bk0mk1_bk0nk1_mn_xdlops_v2r4r2<256, _Float16, _Float16, float, _Float16, RowMajor, ColumnMajor, RowMajor, PassThrough, PassThrough, PassThrough, (GemmSpecialization)3, 1, 64, 64, 4, 32, 32, 8, 1, 1, Sequence, Sequence, Sequence, 3, 8, 8, false, true, Sequence, Sequence, Sequence, 3, 8, 8, false, true, 1, 1, 8, Sequence, (LoopScheduler)0, (PipelineVersion)0, _Float16, _Float16, _Float16, Argument, BlockToCTileMap_3DGrid_KSplit PassThrough, PassThrough, PassThrough) (kd)",2
52,"void kernel_gemm_xdlops_v2r4r2_simplified<GridwiseGemm_bk0mk1_bk0nk1_mn_xdlops_v2r4r2, true, (InMemoryDataOperationEnum)1, BlockToCTileMap_3DGrid_KSplit, PassThrough, PassThrough, PassThrough>(GridwiseGemm_bk0mk1_bk0nk1_mn_xdlops_v2r4r2<256, _Float16, _Float16, float, _Float16, RowMajor, ColumnMajor, RowMajor, PassThrough, PassThrough, PassThrough, (GemmSpecialization)3, 1, 64, 64, 4, 32, 32, 8, 1, 1, Sequence, Sequence, Sequence, 3, 8, 8, false, true, Sequence, Sequence, Sequence, 3, 8, 8, false, true, 1, 1, 8, Sequence, (LoopScheduler)0, (PipelineVersion)0, _Float16, _Float16, _Float16, Argument, BlockToCTileMap_3DGrid_KSplit PassThrough, PassThrough, PassThrough) (kd)",2
53,"void kernel_gemm_xdlops_v2r4r2_simplified<GridwiseGemm_bk0mk1_bk0nk1_mn_xdlops_v2r4r2, true, (InMemoryDataOperationEnum)1, BlockToCTileMap_3DGrid_KSplit, PassThrough, PassThrough, PassThrough>(GridwiseGemm_bk0mk1_bk0nk1_mn_xdlops_v2r4r2<256, _Float16, _Float16, float, _Float16, RowMajor, ColumnMajor, RowMajor, PassThrough, PassThrough, PassThrough, (GemmSpecialization)3, 1, 64, 64, 4, 32, 32, 8, 1, 1, Sequence, Sequence, Sequence, 3, 8, 8, false, true, Sequence, Sequence, Sequence, 3, 8, 8, false, true, 1, 1, 8, Sequence, (LoopScheduler)0, (PipelineVersion)0, _Float16, _Float16, _Float16, Argument, BlockToCTileMap_3DGrid_KSplit PassThrough, PassThrough, PassThrough) (kd)",2
54,"void kernel_gemm_xdlops_v2r4r2_simplified<GridwiseGemm_bk0mk1_bk0nk1_mn_xdlops_v2r4r2, true, (InMemoryDataOperationEnum)1, BlockToCTileMap_3DGrid_KSplit, PassThrough, PassThrough, PassThrough>(GridwiseGemm_bk0mk1_bk0nk1_mn_xdlops_v2r4r2<256, _Float16, _Float16, float, _Float16, RowMajor, ColumnMajor, RowMajor, PassThrough, PassThrough, PassThrough, (GemmSpecialization)3, 1, 64, 64, 4, 32, 32, 8, 1, 1, Sequence, Sequence, Sequence, 3, 8, 8, false, true, Sequence, Sequence, Sequence, 3, 8, 8, false, true, 1, 1, 8, Sequence, (LoopScheduler)0, (PipelineVersion)0, _Float16, _Float16, _Float16, Argument, BlockToCTileMap_3DGrid_KSplit PassThrough, PassThrough, PassThrough) (kd)",2
55,"void kernel_gemm_xdlops_v2r4r2_simplified<GridwiseGemm_bk0mk1_bk0nk1_mn_xdlops_v2r4r2, true, (InMemoryDataOperationEnum)1, BlockToCTileMap_3DGrid_KSplit, PassThrough, PassThrough, PassThrough>(GridwiseGemm_bk0mk1_bk0nk1_mn_xdlops_v2r4r2<256, _Float16, _Float16, float, _Float16, RowMajor, ColumnMajor, RowMajor, PassThrough, PassThrough, PassThrough, (GemmSpecialization)3, 1, 64, 64, 4, 32, 32, 8, 1, 1, Sequence, Sequence, Sequence, 3, 8, 8, false, true, Sequence, Sequence, Sequence, 3, 8, 8, false, true, 1, 1, 8, Sequence, (LoopScheduler)0, (PipelineVersion)0, _Float16, _Float16, _Float16, Argument, BlockToCTileMap_3DGrid_KSplit PassThrough, PassThrough, PassThrough) (kd)",2
56,"void kernel_gemm_xdlops_v2r4r2_simplified<GridwiseGemm_bk0mk1_bk0nk1_mn_xdlops_v2r4r2, true, (InMemoryDataOperationEnum)1, BlockToCTileMap_3DGrid_KSplit, PassThrough, PassThrough, PassThrough>(GridwiseGemm_bk0mk1_bk0nk1_mn_xdlops_v2r4r2<256, _Float16, _Float16, float, _Float16, RowMajor, ColumnMajor, RowMajor, PassThrough, PassThrough, PassThrough, (GemmSpecialization)3, 1, 64, 64, 4, 32, 32, 8, 1, 1, Sequence, Sequence, Sequence, 3, 8, 8, false, true, Sequence, Sequence, Sequence, 3, 8, 8, false, true, 1, 1, 8, Sequence, (LoopScheduler)0, (PipelineVersion)0, _Float16, _Float16, _Float16, Argument, BlockToCTileMap_3DGrid_KSplit PassThrough, PassThrough, PassThrough) (kd)",2
57,"void kernel_gemm_xdlops_v2r4r2_simplified<GridwiseGemm_bk0mk1_bk0nk1_mn_xdlops_v2r4r2, true, (InMemoryDataOperationEnum)1, BlockToCTileMap_3DGrid_KSplit, PassThrough, PassThrough, PassThrough>(GridwiseGemm_bk0mk1_bk0nk1_mn_xdlops_v2r4r2<256, _Float16, _Float16, float, _Float16, RowMajor, ColumnMajor, RowMajor, PassThrough, PassThrough, PassThrough, (GemmSpecialization)3, 1, 64, 64, 4, 32, 32, 8, 1, 1, Sequence, Sequence, Sequence, 3, 8, 8, false, true, Sequence, Sequence, Sequence, 3, 8, 8, false, true, 1, 1, 8, Sequence, (LoopScheduler)0, (PipelineVersion)0, _Float16, _Float16, _Float16, Argument, BlockToCTileMap_3DGrid_KSplit PassThrough, PassThrough, PassThrough) (kd)",2
58,"void kernel_gemm_xdlops_v2r4r2_simplified<GridwiseGemm_bk0mk1_bk0nk1_mn_xdlops_v2r4r2, true, (InMemoryDataOperationEnum)1, BlockToCTileMap_3DGrid_KSplit, PassThrough, PassThrough, PassThrough>(GridwiseGemm_bk0mk1_bk0nk1_mn_xdlops_v2r4r2<256, _Float16, _Float16, float, _Float16, RowMajor, ColumnMajor, RowMajor, PassThrough, PassThrough, PassThrough, (GemmSpecialization)3, 1, 64, 64, 4, 32, 32, 8, 1, 1, Sequence, Sequence, Sequence, 3, 8, 8, false, true, Sequence, Sequence, Sequence, 3, 8, 8, false, true, 1, 1, 8, Sequence, (LoopScheduler)0, (PipelineVersion)0, _Float16, _Float16, _Float16, Argument, BlockToCTileMap_3DGrid_KSplit PassThrough, PassThrough, PassThrough) (kd)",2
