Index,KernelName,gpu-id,queue-id,queue-index,pid,tid,grd,wgr,lds,scr,arch_vgpr,accum_vgpr,sgpr,wave_size,sig,obj,SQ_INSTS_VMEM,SQ_INST_LEVEL_VMEM,SQ_ACCUM_PREV_HIRES,DispatchNs,BeginNs,EndNs,CompleteNs
0,__amd_rocclr_fillBufferAligned.kd,2,0,0,3533912,3533912,3932160,256,0,0,8,8,32,64,0x0,0x7f6c7f165900,61440,509126,65181376,7382087362304744,7382134908482338,7382134908522498,7382087369949289
1,"void kernel_gemm_xdlops_v2r4r2_simplified<GridwiseGemm_bk0mk1_bk0nk1_mn_xdlops_v2r4r2, true, (InMemoryDataOperationEnum)0, BlockToCTileMap_3DGrid_KSplit, PassThrough, PassThrough, PassThrough>(GridwiseGemm_bk0mk1_bk0nk1_mn_xdlops_v2r4r2<64, _Float16, _Float16, float, _Float16, RowMajor, ColumnMajor, RowMajor, PassThrough, PassThrough, PassThrough, (GemmSpecialization)3, 1, 64, 32, 4, 32, 32, 8, 2, 1, Sequence, Sequence, Sequence, 3, 8, 8, false, true, Sequence, Sequence, Sequence, 3, 8, 8, false, true, 1, 1, 8, Sequence, (LoopScheduler)0, (PipelineVersion)0, _Float16, _Float16, _Float16, Argument, BlockToCTileMap_3DGrid_KSplit PassThrough, PassThrough, PassThrough) (kd)",2,0,1,3533912,3533912,491520,64,6656,0,48,48,32,64,0x0,0x7f6c7f1335c0,5928960,73891810,9458280508,7382087370352556,7382134908799136,7382134911990490,7382087373714255
2,"void kernel_gemm_xdlops_v2r4r2_simplified<GridwiseGemm_bk0mk1_bk0nk1_mn_xdlops_v2r4r2, true, (InMemoryDataOperationEnum)0, BlockToCTileMap_3DGrid_KSplit, PassThrough, PassThrough, PassThrough>(GridwiseGemm_bk0mk1_bk0nk1_mn_xdlops_v2r4r2<64, _Float16, _Float16, float, _Float16, RowMajor, ColumnMajor, RowMajor, PassThrough, PassThrough, PassThrough, (GemmSpecialization)3, 1, 64, 32, 4, 32, 32, 8, 2, 1, Sequence, Sequence, Sequence, 3, 8, 8, false, true, Sequence, Sequence, Sequence, 3, 8, 8, false, true, 1, 1, 8, Sequence, (LoopScheduler)0, (PipelineVersion)0, _Float16, _Float16, _Float16, Argument, BlockToCTileMap_3DGrid_KSplit PassThrough, PassThrough, PassThrough) (kd)",2,0,3,3533912,3533912,491520,64,6656,0,48,48,32,64,0x0,0x7f6c7f1335c0,5928960,76107359,9740891460,7382091606212942,7382139153878627,7382139157077496,7382091609847276
3,"void kernel_gemm_xdlops_v2r4r2_simplified<GridwiseGemm_bk0mk1_bk0nk1_mn_xdlops_v2r4r2, true, (InMemoryDataOperationEnum)0, BlockToCTileMap_3DGrid_KSplit, PassThrough, PassThrough, PassThrough>(GridwiseGemm_bk0mk1_bk0nk1_mn_xdlops_v2r4r2<64, _Float16, _Float16, float, _Float16, RowMajor, ColumnMajor, RowMajor, PassThrough, PassThrough, PassThrough, (GemmSpecialization)3, 1, 64, 32, 4, 32, 32, 8, 2, 1, Sequence, Sequence, Sequence, 3, 8, 8, false, true, Sequence, Sequence, Sequence, 3, 8, 8, false, true, 1, 1, 8, Sequence, (LoopScheduler)0, (PipelineVersion)0, _Float16, _Float16, _Float16, Argument, BlockToCTileMap_3DGrid_KSplit PassThrough, PassThrough, PassThrough) (kd)",2,0,4,3533912,3533912,491520,64,6656,0,48,48,32,64,0x0,0x7f6c7f1335c0,5928960,75259459,9632564824,7382091606458497,7382139157077496,7382139160256524,7382091613038629
4,"void kernel_gemm_xdlops_v2r4r2_simplified<GridwiseGemm_bk0mk1_bk0nk1_mn_xdlops_v2r4r2, true, (InMemoryDataOperationEnum)0, BlockToCTileMap_3DGrid_KSplit, PassThrough, PassThrough, PassThrough>(GridwiseGemm_bk0mk1_bk0nk1_mn_xdlops_v2r4r2<64, _Float16, _Float16, float, _Float16, RowMajor, ColumnMajor, RowMajor, PassThrough, PassThrough, PassThrough, (GemmSpecialization)3, 1, 64, 32, 4, 32, 32, 8, 2, 1, Sequence, Sequence, Sequence, 3, 8, 8, false, true, Sequence, Sequence, Sequence, 3, 8, 8, false, true, 1, 1, 8, Sequence, (LoopScheduler)0, (PipelineVersion)0, _Float16, _Float16, _Float16, Argument, BlockToCTileMap_3DGrid_KSplit PassThrough, PassThrough, PassThrough) (kd)",2,0,5,3533912,3533912,491520,64,6656,0,48,48,32,64,0x0,0x7f6c7f1335c0,5928960,74913675,9588329808,7382091606529298,7382139160256524,7382139163543872,7382091616297808
5,"void kernel_gemm_xdlops_v2r4r2_simplified<GridwiseGemm_bk0mk1_bk0nk1_mn_xdlops_v2r4r2, true, (InMemoryDataOperationEnum)0, BlockToCTileMap_3DGrid_KSplit, PassThrough, PassThrough, PassThrough>(GridwiseGemm_bk0mk1_bk0nk1_mn_xdlops_v2r4r2<64, _Float16, _Float16, float, _Float16, RowMajor, ColumnMajor, RowMajor, PassThrough, PassThrough, PassThrough, (GemmSpecialization)3, 1, 64, 32, 4, 32, 32, 8, 2, 1, Sequence, Sequence, Sequence, 3, 8, 8, false, true, Sequence, Sequence, Sequence, 3, 8, 8, false, true, 1, 1, 8, Sequence, (LoopScheduler)0, (PipelineVersion)0, _Float16, _Float16, _Float16, Argument, BlockToCTileMap_3DGrid_KSplit PassThrough, PassThrough, PassThrough) (kd)",2,0,6,3533912,3533912,491520,64,6656,0,48,48,32,64,0x0,0x7f6c7f1335c0,5928960,75523297,9666485016,7382091606592164,7382139163543872,7382139166848821,7382091619618381
6,"void kernel_gemm_xdlops_v2r4r2_simplified<GridwiseGemm_bk0mk1_bk0nk1_mn_xdlops_v2r4r2, true, (InMemoryDataOperationEnum)0, BlockToCTileMap_3DGrid_KSplit, PassThrough, PassThrough, PassThrough>(GridwiseGemm_bk0mk1_bk0nk1_mn_xdlops_v2r4r2<64, _Float16, _Float16, float, _Float16, RowMajor, ColumnMajor, RowMajor, PassThrough, PassThrough, PassThrough, (GemmSpecialization)3, 1, 64, 32, 4, 32, 32, 8, 2, 1, Sequence, Sequence, Sequence, 3, 8, 8, false, true, Sequence, Sequence, Sequence, 3, 8, 8, false, true, 1, 1, 8, Sequence, (LoopScheduler)0, (PipelineVersion)0, _Float16, _Float16, _Float16, Argument, BlockToCTileMap_3DGrid_KSplit PassThrough, PassThrough, PassThrough) (kd)",2,0,7,3533912,3533912,491520,64,6656,0,48,48,32,64,0x0,0x7f6c7f1335c0,5928960,74799809,9574487708,7382091606662044,7382139166848821,7382139170205929,7382091623027498
7,"void kernel_gemm_xdlops_v2r4r2_simplified<GridwiseGemm_bk0mk1_bk0nk1_mn_xdlops_v2r4r2, true, (InMemoryDataOperationEnum)0, BlockToCTileMap_3DGrid_KSplit, PassThrough, PassThrough, PassThrough>(GridwiseGemm_bk0mk1_bk0nk1_mn_xdlops_v2r4r2<64, _Float16, _Float16, float, _Float16, RowMajor, ColumnMajor, RowMajor, PassThrough, PassThrough, PassThrough, (GemmSpecialization)3, 1, 64, 32, 4, 32, 32, 8, 2, 1, Sequence, Sequence, Sequence, 3, 8, 8, false, true, Sequence, Sequence, Sequence, 3, 8, 8, false, true, 1, 1, 8, Sequence, (LoopScheduler)0, (PipelineVersion)0, _Float16, _Float16, _Float16, Argument, BlockToCTileMap_3DGrid_KSplit PassThrough, PassThrough, PassThrough) (kd)",2,0,10,3533912,3533912,491520,64,6656,0,48,48,32,64,0x0,0x7f6c7f1335c0,5928960,74865441,9582770644,7382091622991331,7382139170240649,7382139173585757,7382091626469746
8,"void kernel_gemm_xdlops_v2r4r2_simplified<GridwiseGemm_bk0mk1_bk0nk1_mn_xdlops_v2r4r2, true, (InMemoryDataOperationEnum)0, BlockToCTileMap_3DGrid_KSplit, PassThrough, PassThrough, PassThrough>(GridwiseGemm_bk0mk1_bk0nk1_mn_xdlops_v2r4r2<64, _Float16, _Float16, float, _Float16, RowMajor, ColumnMajor, RowMajor, PassThrough, PassThrough, PassThrough, (GemmSpecialization)3, 1, 64, 32, 4, 32, 32, 8, 2, 1, Sequence, Sequence, Sequence, 3, 8, 8, false, true, Sequence, Sequence, Sequence, 3, 8, 8, false, true, 1, 1, 8, Sequence, (LoopScheduler)0, (PipelineVersion)0, _Float16, _Float16, _Float16, Argument, BlockToCTileMap_3DGrid_KSplit PassThrough, PassThrough, PassThrough) (kd)",2,0,11,3533912,3533912,491520,64,6656,0,48,48,32,64,0x0,0x7f6c7f1335c0,5928960,75327732,9641824072,7382091623082560,7382139173585757,7382139176939506,7382091629841203
9,"void kernel_gemm_xdlops_v2r4r2_simplified<GridwiseGemm_bk0mk1_bk0nk1_mn_xdlops_v2r4r2, true, (InMemoryDataOperationEnum)0, BlockToCTileMap_3DGrid_KSplit, PassThrough, PassThrough, PassThrough>(GridwiseGemm_bk0mk1_bk0nk1_mn_xdlops_v2r4r2<64, _Float16, _Float16, float, _Float16, RowMajor, ColumnMajor, RowMajor, PassThrough, PassThrough, PassThrough, (GemmSpecialization)3, 1, 64, 32, 4, 32, 32, 8, 2, 1, Sequence, Sequence, Sequence, 3, 8, 8, false, true, Sequence, Sequence, Sequence, 3, 8, 8, false, true, 1, 1, 8, Sequence, (LoopScheduler)0, (PipelineVersion)0, _Float16, _Float16, _Float16, Argument, BlockToCTileMap_3DGrid_KSplit PassThrough, PassThrough, PassThrough) (kd)",2,0,12,3533912,3533912,491520,64,6656,0,48,48,32,64,0x0,0x7f6c7f1335c0,5928960,74909216,9588582892,7382091623251563,7382139176939506,7382139180328934,7382091633267702
10,"void kernel_gemm_xdlops_v2r4r2_simplified<GridwiseGemm_bk0mk1_bk0nk1_mn_xdlops_v2r4r2, true, (InMemoryDataOperationEnum)0, BlockToCTileMap_3DGrid_KSplit, PassThrough, PassThrough, PassThrough>(GridwiseGemm_bk0mk1_bk0nk1_mn_xdlops_v2r4r2<64, _Float16, _Float16, float, _Float16, RowMajor, ColumnMajor, RowMajor, PassThrough, PassThrough, PassThrough, (GemmSpecialization)3, 1, 64, 32, 4, 32, 32, 8, 2, 1, Sequence, Sequence, Sequence, 3, 8, 8, false, true, Sequence, Sequence, Sequence, 3, 8, 8, false, true, 1, 1, 8, Sequence, (LoopScheduler)0, (PipelineVersion)0, _Float16, _Float16, _Float16, Argument, BlockToCTileMap_3DGrid_KSplit PassThrough, PassThrough, PassThrough) (kd)",2,0,13,3533912,3533912,491520,64,6656,0,48,48,32,64,0x0,0x7f6c7f1335c0,5928960,73474528,9404051320,7382091623313728,7382139180328934,7382139183697242,7382091636665989
11,"void kernel_gemm_xdlops_v2r4r2_simplified<GridwiseGemm_bk0mk1_bk0nk1_mn_xdlops_v2r4r2, true, (InMemoryDataOperationEnum)0, BlockToCTileMap_3DGrid_KSplit, PassThrough, PassThrough, PassThrough>(GridwiseGemm_bk0mk1_bk0nk1_mn_xdlops_v2r4r2<64, _Float16, _Float16, float, _Float16, RowMajor, ColumnMajor, RowMajor, PassThrough, PassThrough, PassThrough, (GemmSpecialization)3, 1, 64, 32, 4, 32, 32, 8, 2, 1, Sequence, Sequence, Sequence, 3, 8, 8, false, true, Sequence, Sequence, Sequence, 3, 8, 8, false, true, 1, 1, 8, Sequence, (LoopScheduler)0, (PipelineVersion)0, _Float16, _Float16, _Float16, Argument, BlockToCTileMap_3DGrid_KSplit PassThrough, PassThrough, PassThrough) (kd)",2,0,14,3533912,3533912,491520,64,6656,0,48,48,32,64,0x0,0x7f6c7f1335c0,5928960,74715360,9563642500,7382091623375222,7382139183697242,7382139187074031,7382091640064115
12,"void kernel_gemm_xdlops_v2r4r2_simplified<GridwiseGemm_bk0mk1_bk0nk1_mn_xdlops_v2r4r2, true, (InMemoryDataOperationEnum)0, BlockToCTileMap_3DGrid_KSplit, PassThrough, PassThrough, PassThrough>(GridwiseGemm_bk0mk1_bk0nk1_mn_xdlops_v2r4r2<64, _Float16, _Float16, float, _Float16, RowMajor, ColumnMajor, RowMajor, PassThrough, PassThrough, PassThrough, (GemmSpecialization)3, 1, 64, 32, 4, 32, 32, 8, 2, 1, Sequence, Sequence, Sequence, 3, 8, 8, false, true, Sequence, Sequence, Sequence, 3, 8, 8, false, true, 1, 1, 8, Sequence, (LoopScheduler)0, (PipelineVersion)0, _Float16, _Float16, _Float16, Argument, BlockToCTileMap_3DGrid_KSplit PassThrough, PassThrough, PassThrough) (kd)",2,0,15,3533912,3533912,491520,64,6656,0,48,48,32,64,0x0,0x7f6c7f1335c0,5928960,74752876,9568128816,7382091623430224,7382139187074031,7382139190433539,7382091643482940
13,"void kernel_gemm_xdlops_v2r4r2_simplified<GridwiseGemm_bk0mk1_bk0nk1_mn_xdlops_v2r4r2, true, (InMemoryDataOperationEnum)0, BlockToCTileMap_3DGrid_KSplit, PassThrough, PassThrough, PassThrough>(GridwiseGemm_bk0mk1_bk0nk1_mn_xdlops_v2r4r2<64, _Float16, _Float16, float, _Float16, RowMajor, ColumnMajor, RowMajor, PassThrough, PassThrough, PassThrough, (GemmSpecialization)3, 1, 64, 32, 4, 32, 32, 8, 2, 1, Sequence, Sequence, Sequence, 3, 8, 8, false, true, Sequence, Sequence, Sequence, 3, 8, 8, false, true, 1, 1, 8, Sequence, (LoopScheduler)0, (PipelineVersion)0, _Float16, _Float16, _Float16, Argument, BlockToCTileMap_3DGrid_KSplit PassThrough, PassThrough, PassThrough) (kd)",2,0,16,3533912,3533912,491520,64,6656,0,48,48,32,64,0x0,0x7f6c7f1335c0,5928960,74052120,9478688900,7382091623488472,7382139190433539,7382139193808567,7382091646874164
14,"void kernel_gemm_xdlops_v2r4r2_simplified<GridwiseGemm_bk0mk1_bk0nk1_mn_xdlops_v2r4r2, true, (InMemoryDataOperationEnum)0, BlockToCTileMap_3DGrid_KSplit, PassThrough, PassThrough, PassThrough>(GridwiseGemm_bk0mk1_bk0nk1_mn_xdlops_v2r4r2<64, _Float16, _Float16, float, _Float16, RowMajor, ColumnMajor, RowMajor, PassThrough, PassThrough, PassThrough, (GemmSpecialization)3, 1, 64, 32, 4, 32, 32, 8, 2, 1, Sequence, Sequence, Sequence, 3, 8, 8, false, true, Sequence, Sequence, Sequence, 3, 8, 8, false, true, 1, 1, 8, Sequence, (LoopScheduler)0, (PipelineVersion)0, _Float16, _Float16, _Float16, Argument, BlockToCTileMap_3DGrid_KSplit PassThrough, PassThrough, PassThrough) (kd)",2,0,17,3533912,3533912,491520,64,6656,0,48,48,32,64,0x0,0x7f6c7f1335c0,5928960,75121412,9615378392,7382091623549465,7382139193808567,7382139197181835,7382091650294481
15,"void kernel_gemm_xdlops_v2r4r2_simplified<GridwiseGemm_bk0mk1_bk0nk1_mn_xdlops_v2r4r2, true, (InMemoryDataOperationEnum)0, BlockToCTileMap_3DGrid_KSplit, PassThrough, PassThrough, PassThrough>(GridwiseGemm_bk0mk1_bk0nk1_mn_xdlops_v2r4r2<64, _Float16, _Float16, float, _Float16, RowMajor, ColumnMajor, RowMajor, PassThrough, PassThrough, PassThrough, (GemmSpecialization)3, 1, 64, 32, 4, 32, 32, 8, 2, 1, Sequence, Sequence, Sequence, 3, 8, 8, false, true, Sequence, Sequence, Sequence, 3, 8, 8, false, true, 1, 1, 8, Sequence, (LoopScheduler)0, (PipelineVersion)0, _Float16, _Float16, _Float16, Argument, BlockToCTileMap_3DGrid_KSplit PassThrough, PassThrough, PassThrough) (kd)",2,0,18,3533912,3533912,491520,64,6656,0,48,48,32,64,0x0,0x7f6c7f1335c0,5928960,72707484,9305972768,7382091623605990,7382139197181835,7382139200524064,7382091653699811
16,"void kernel_gemm_xdlops_v2r4r2_simplified<GridwiseGemm_bk0mk1_bk0nk1_mn_xdlops_v2r4r2, true, (InMemoryDataOperationEnum)0, BlockToCTileMap_3DGrid_KSplit, PassThrough, PassThrough, PassThrough>(GridwiseGemm_bk0mk1_bk0nk1_mn_xdlops_v2r4r2<64, _Float16, _Float16, float, _Float16, RowMajor, ColumnMajor, RowMajor, PassThrough, PassThrough, PassThrough, (GemmSpecialization)3, 1, 64, 32, 4, 32, 32, 8, 2, 1, Sequence, Sequence, Sequence, 3, 8, 8, false, true, Sequence, Sequence, Sequence, 3, 8, 8, false, true, 1, 1, 8, Sequence, (LoopScheduler)0, (PipelineVersion)0, _Float16, _Float16, _Float16, Argument, BlockToCTileMap_3DGrid_KSplit PassThrough, PassThrough, PassThrough) (kd)",2,0,19,3533912,3533912,491520,64,6656,0,48,48,32,64,0x0,0x7f6c7f1335c0,5928960,75253773,9631899784,7382091623667013,7382139200524064,7382139203854292,7382091657118556
17,"void kernel_gemm_xdlops_v2r4r2_simplified<GridwiseGemm_bk0mk1_bk0nk1_mn_xdlops_v2r4r2, true, (InMemoryDataOperationEnum)0, BlockToCTileMap_3DGrid_KSplit, PassThrough, PassThrough, PassThrough>(GridwiseGemm_bk0mk1_bk0nk1_mn_xdlops_v2r4r2<64, _Float16, _Float16, float, _Float16, RowMajor, ColumnMajor, RowMajor, PassThrough, PassThrough, PassThrough, (GemmSpecialization)3, 1, 64, 32, 4, 32, 32, 8, 2, 1, Sequence, Sequence, Sequence, 3, 8, 8, false, true, Sequence, Sequence, Sequence, 3, 8, 8, false, true, 1, 1, 8, Sequence, (LoopScheduler)0, (PipelineVersion)0, _Float16, _Float16, _Float16, Argument, BlockToCTileMap_3DGrid_KSplit PassThrough, PassThrough, PassThrough) (kd)",2,0,20,3533912,3533912,491520,64,6656,0,48,48,32,64,0x0,0x7f6c7f1335c0,5928960,75226310,9629130768,7382091623725121,7382139203854292,7382139207260520,7382091660498148
18,"void kernel_gemm_xdlops_v2r4r2_simplified<GridwiseGemm_bk0mk1_bk0nk1_mn_xdlops_v2r4r2, true, (InMemoryDataOperationEnum)0, BlockToCTileMap_3DGrid_KSplit, PassThrough, PassThrough, PassThrough>(GridwiseGemm_bk0mk1_bk0nk1_mn_xdlops_v2r4r2<64, _Float16, _Float16, float, _Float16, RowMajor, ColumnMajor, RowMajor, PassThrough, PassThrough, PassThrough, (GemmSpecialization)3, 1, 64, 32, 4, 32, 32, 8, 2, 1, Sequence, Sequence, Sequence, 3, 8, 8, false, true, Sequence, Sequence, Sequence, 3, 8, 8, false, true, 1, 1, 8, Sequence, (LoopScheduler)0, (PipelineVersion)0, _Float16, _Float16, _Float16, Argument, BlockToCTileMap_3DGrid_KSplit PassThrough, PassThrough, PassThrough) (kd)",2,0,21,3533912,3533912,491520,64,6656,0,48,48,32,64,0x0,0x7f6c7f1335c0,5928960,74024350,9474536552,7382091623782497,7382139207260520,7382139210621149,7382091663883921
19,"void kernel_gemm_xdlops_v2r4r2_simplified<GridwiseGemm_bk0mk1_bk0nk1_mn_xdlops_v2r4r2, true, (InMemoryDataOperationEnum)0, BlockToCTileMap_3DGrid_KSplit, PassThrough, PassThrough, PassThrough>(GridwiseGemm_bk0mk1_bk0nk1_mn_xdlops_v2r4r2<64, _Float16, _Float16, float, _Float16, RowMajor, ColumnMajor, RowMajor, PassThrough, PassThrough, PassThrough, (GemmSpecialization)3, 1, 64, 32, 4, 32, 32, 8, 2, 1, Sequence, Sequence, Sequence, 3, 8, 8, false, true, Sequence, Sequence, Sequence, 3, 8, 8, false, true, 1, 1, 8, Sequence, (LoopScheduler)0, (PipelineVersion)0, _Float16, _Float16, _Float16, Argument, BlockToCTileMap_3DGrid_KSplit PassThrough, PassThrough, PassThrough) (kd)",2,0,22,3533912,3533912,491520,64,6656,0,48,48,32,64,0x0,0x7f6c7f1335c0,5928960,74587281,9546422168,7382091623840664,7382139210621149,7382139213997297,7382091667291485
20,"void kernel_gemm_xdlops_v2r4r2_simplified<GridwiseGemm_bk0mk1_bk0nk1_mn_xdlops_v2r4r2, true, (InMemoryDataOperationEnum)0, BlockToCTileMap_3DGrid_KSplit, PassThrough, PassThrough, PassThrough>(GridwiseGemm_bk0mk1_bk0nk1_mn_xdlops_v2r4r2<64, _Float16, _Float16, float, _Float16, RowMajor, ColumnMajor, RowMajor, PassThrough, PassThrough, PassThrough, (GemmSpecialization)3, 1, 64, 32, 4, 32, 32, 8, 2, 1, Sequence, Sequence, Sequence, 3, 8, 8, false, true, Sequence, Sequence, Sequence, 3, 8, 8, false, true, 1, 1, 8, Sequence, (LoopScheduler)0, (PipelineVersion)0, _Float16, _Float16, _Float16, Argument, BlockToCTileMap_3DGrid_KSplit PassThrough, PassThrough, PassThrough) (kd)",2,0,23,3533912,3533912,491520,64,6656,0,48,48,32,64,0x0,0x7f6c7f1335c0,5928960,74726610,9564744080,7382091623900746,7382139213997297,7382139217390245,7382091670689291
21,"void kernel_gemm_xdlops_v2r4r2_simplified<GridwiseGemm_bk0mk1_bk0nk1_mn_xdlops_v2r4r2, true, (InMemoryDataOperationEnum)0, BlockToCTileMap_3DGrid_KSplit, PassThrough, PassThrough, PassThrough>(GridwiseGemm_bk0mk1_bk0nk1_mn_xdlops_v2r4r2<64, _Float16, _Float16, float, _Float16, RowMajor, ColumnMajor, RowMajor, PassThrough, PassThrough, PassThrough, (GemmSpecialization)3, 1, 64, 32, 4, 32, 32, 8, 2, 1, Sequence, Sequence, Sequence, 3, 8, 8, false, true, Sequence, Sequence, Sequence, 3, 8, 8, false, true, 1, 1, 8, Sequence, (LoopScheduler)0, (PipelineVersion)0, _Float16, _Float16, _Float16, Argument, BlockToCTileMap_3DGrid_KSplit PassThrough, PassThrough, PassThrough) (kd)",2,0,24,3533912,3533912,491520,64,6656,0,48,48,32,64,0x0,0x7f6c7f1335c0,5928960,74226967,9501045192,7382091623958533,7382139217390081,7382139220750229,7382091674136158
22,"void kernel_gemm_xdlops_v2r4r2_simplified<GridwiseGemm_bk0mk1_bk0nk1_mn_xdlops_v2r4r2, true, (InMemoryDataOperationEnum)0, BlockToCTileMap_3DGrid_KSplit, PassThrough, PassThrough, PassThrough>(GridwiseGemm_bk0mk1_bk0nk1_mn_xdlops_v2r4r2<64, _Float16, _Float16, float, _Float16, RowMajor, ColumnMajor, RowMajor, PassThrough, PassThrough, PassThrough, (GemmSpecialization)3, 1, 64, 32, 4, 32, 32, 8, 2, 1, Sequence, Sequence, Sequence, 3, 8, 8, false, true, Sequence, Sequence, Sequence, 3, 8, 8, false, true, 1, 1, 8, Sequence, (LoopScheduler)0, (PipelineVersion)0, _Float16, _Float16, _Float16, Argument, BlockToCTileMap_3DGrid_KSplit PassThrough, PassThrough, PassThrough) (kd)",2,0,25,3533912,3533912,491520,64,6656,0,48,48,32,64,0x0,0x7f6c7f1335c0,5928960,74579886,9545574352,7382091624051866,7382139220750229,7382139224100776,7382091677583646
23,"void kernel_gemm_xdlops_v2r4r2_simplified<GridwiseGemm_bk0mk1_bk0nk1_mn_xdlops_v2r4r2, true, (InMemoryDataOperationEnum)0, BlockToCTileMap_3DGrid_KSplit, PassThrough, PassThrough, PassThrough>(GridwiseGemm_bk0mk1_bk0nk1_mn_xdlops_v2r4r2<64, _Float16, _Float16, float, _Float16, RowMajor, ColumnMajor, RowMajor, PassThrough, PassThrough, PassThrough, (GemmSpecialization)3, 1, 64, 32, 4, 32, 32, 8, 2, 1, Sequence, Sequence, Sequence, 3, 8, 8, false, true, Sequence, Sequence, Sequence, 3, 8, 8, false, true, 1, 1, 8, Sequence, (LoopScheduler)0, (PipelineVersion)0, _Float16, _Float16, _Float16, Argument, BlockToCTileMap_3DGrid_KSplit PassThrough, PassThrough, PassThrough) (kd)",2,0,26,3533912,3533912,491520,64,6656,0,48,48,32,64,0x0,0x7f6c7f1335c0,5928960,75505322,9663881964,7382091624109212,7382139224100776,7382139227455804,7382091680999836
24,"void kernel_gemm_xdlops_v2r4r2_simplified<GridwiseGemm_bk0mk1_bk0nk1_mn_xdlops_v2r4r2, true, (InMemoryDataOperationEnum)0, BlockToCTileMap_3DGrid_KSplit, PassThrough, PassThrough, PassThrough>(GridwiseGemm_bk0mk1_bk0nk1_mn_xdlops_v2r4r2<64, _Float16, _Float16, float, _Float16, RowMajor, ColumnMajor, RowMajor, PassThrough, PassThrough, PassThrough, (GemmSpecialization)3, 1, 64, 32, 4, 32, 32, 8, 2, 1, Sequence, Sequence, Sequence, 3, 8, 8, false, true, Sequence, Sequence, Sequence, 3, 8, 8, false, true, 1, 1, 8, Sequence, (LoopScheduler)0, (PipelineVersion)0, _Float16, _Float16, _Float16, Argument, BlockToCTileMap_3DGrid_KSplit PassThrough, PassThrough, PassThrough) (kd)",2,0,27,3533912,3533912,491520,64,6656,0,48,48,32,64,0x0,0x7f6c7f1335c0,5928960,74710655,9562828596,7382091624164615,7382139227455804,7382139230851312,7382091684439640
25,"void kernel_gemm_xdlops_v2r4r2_simplified<GridwiseGemm_bk0mk1_bk0nk1_mn_xdlops_v2r4r2, true, (InMemoryDataOperationEnum)0, BlockToCTileMap_3DGrid_KSplit, PassThrough, PassThrough, PassThrough>(GridwiseGemm_bk0mk1_bk0nk1_mn_xdlops_v2r4r2<64, _Float16, _Float16, float, _Float16, RowMajor, ColumnMajor, RowMajor, PassThrough, PassThrough, PassThrough, (GemmSpecialization)3, 1, 64, 32, 4, 32, 32, 8, 2, 1, Sequence, Sequence, Sequence, 3, 8, 8, false, true, Sequence, Sequence, Sequence, 3, 8, 8, false, true, 1, 1, 8, Sequence, (LoopScheduler)0, (PipelineVersion)0, _Float16, _Float16, _Float16, Argument, BlockToCTileMap_3DGrid_KSplit PassThrough, PassThrough, PassThrough) (kd)",2,0,28,3533912,3533912,491520,64,6656,0,48,48,32,64,0x0,0x7f6c7f1335c0,5928960,75102004,9613072976,7382091624220869,7382139230851312,7382139234252900,7382091687870547
26,"void kernel_gemm_xdlops_v2r4r2_simplified<GridwiseGemm_bk0mk1_bk0nk1_mn_xdlops_v2r4r2, true, (InMemoryDataOperationEnum)0, BlockToCTileMap_3DGrid_KSplit, PassThrough, PassThrough, PassThrough>(GridwiseGemm_bk0mk1_bk0nk1_mn_xdlops_v2r4r2<64, _Float16, _Float16, float, _Float16, RowMajor, ColumnMajor, RowMajor, PassThrough, PassThrough, PassThrough, (GemmSpecialization)3, 1, 64, 32, 4, 32, 32, 8, 2, 1, Sequence, Sequence, Sequence, 3, 8, 8, false, true, Sequence, Sequence, Sequence, 3, 8, 8, false, true, 1, 1, 8, Sequence, (LoopScheduler)0, (PipelineVersion)0, _Float16, _Float16, _Float16, Argument, BlockToCTileMap_3DGrid_KSplit PassThrough, PassThrough, PassThrough) (kd)",2,0,29,3533912,3533912,491520,64,6656,0,48,48,32,64,0x0,0x7f6c7f1335c0,5928960,74236244,9501312976,7382091624287062,7382139234252900,7382139237592569,7382091691277640
27,"void kernel_gemm_xdlops_v2r4r2_simplified<GridwiseGemm_bk0mk1_bk0nk1_mn_xdlops_v2r4r2, true, (InMemoryDataOperationEnum)0, BlockToCTileMap_3DGrid_KSplit, PassThrough, PassThrough, PassThrough>(GridwiseGemm_bk0mk1_bk0nk1_mn_xdlops_v2r4r2<64, _Float16, _Float16, float, _Float16, RowMajor, ColumnMajor, RowMajor, PassThrough, PassThrough, PassThrough, (GemmSpecialization)3, 1, 64, 32, 4, 32, 32, 8, 2, 1, Sequence, Sequence, Sequence, 3, 8, 8, false, true, Sequence, Sequence, Sequence, 3, 8, 8, false, true, 1, 1, 8, Sequence, (LoopScheduler)0, (PipelineVersion)0, _Float16, _Float16, _Float16, Argument, BlockToCTileMap_3DGrid_KSplit PassThrough, PassThrough, PassThrough) (kd)",2,0,30,3533912,3533912,491520,64,6656,0,48,48,32,64,0x0,0x7f6c7f1335c0,5928960,74589616,9547637512,7382091624343356,7382139237592569,7382139240962477,7382091694659546
28,"void kernel_gemm_xdlops_v2r4r2_simplified<GridwiseGemm_bk0mk1_bk0nk1_mn_xdlops_v2r4r2, true, (InMemoryDataOperationEnum)0, BlockToCTileMap_3DGrid_KSplit, PassThrough, PassThrough, PassThrough>(GridwiseGemm_bk0mk1_bk0nk1_mn_xdlops_v2r4r2<64, _Float16, _Float16, float, _Float16, RowMajor, ColumnMajor, RowMajor, PassThrough, PassThrough, PassThrough, (GemmSpecialization)3, 1, 64, 32, 4, 32, 32, 8, 2, 1, Sequence, Sequence, Sequence, 3, 8, 8, false, true, Sequence, Sequence, Sequence, 3, 8, 8, false, true, 1, 1, 8, Sequence, (LoopScheduler)0, (PipelineVersion)0, _Float16, _Float16, _Float16, Argument, BlockToCTileMap_3DGrid_KSplit PassThrough, PassThrough, PassThrough) (kd)",2,0,31,3533912,3533912,491520,64,6656,0,48,48,32,64,0x0,0x7f6c7f1335c0,5928960,75094786,9611786276,7382091624398338,7382139240962477,7382139244348705,7382091698097146
29,"void kernel_gemm_xdlops_v2r4r2_simplified<GridwiseGemm_bk0mk1_bk0nk1_mn_xdlops_v2r4r2, true, (InMemoryDataOperationEnum)0, BlockToCTileMap_3DGrid_KSplit, PassThrough, PassThrough, PassThrough>(GridwiseGemm_bk0mk1_bk0nk1_mn_xdlops_v2r4r2<64, _Float16, _Float16, float, _Float16, RowMajor, ColumnMajor, RowMajor, PassThrough, PassThrough, PassThrough, (GemmSpecialization)3, 1, 64, 32, 4, 32, 32, 8, 2, 1, Sequence, Sequence, Sequence, 3, 8, 8, false, true, Sequence, Sequence, Sequence, 3, 8, 8, false, true, 1, 1, 8, Sequence, (LoopScheduler)0, (PipelineVersion)0, _Float16, _Float16, _Float16, Argument, BlockToCTileMap_3DGrid_KSplit PassThrough, PassThrough, PassThrough) (kd)",2,0,32,3533912,3533912,491520,64,6656,0,48,48,32,64,0x0,0x7f6c7f1335c0,5928960,75117099,9614997872,7382091624453119,7382139244348705,7382139247703733,7382091701492657
30,"void kernel_gemm_xdlops_v2r4r2_simplified<GridwiseGemm_bk0mk1_bk0nk1_mn_xdlops_v2r4r2, true, (InMemoryDataOperationEnum)0, BlockToCTileMap_3DGrid_KSplit, PassThrough, PassThrough, PassThrough>(GridwiseGemm_bk0mk1_bk0nk1_mn_xdlops_v2r4r2<64, _Float16, _Float16, float, _Float16, RowMajor, ColumnMajor, RowMajor, PassThrough, PassThrough, PassThrough, (GemmSpecialization)3, 1, 64, 32, 4, 32, 32, 8, 2, 1, Sequence, Sequence, Sequence, 3, 8, 8, false, true, Sequence, Sequence, Sequence, 3, 8, 8, false, true, 1, 1, 8, Sequence, (LoopScheduler)0, (PipelineVersion)0, _Float16, _Float16, _Float16, Argument, BlockToCTileMap_3DGrid_KSplit PassThrough, PassThrough, PassThrough) (kd)",2,0,33,3533912,3533912,491520,64,6656,0,48,48,32,64,0x0,0x7f6c7f1335c0,5928960,74240090,9502918608,7382091624508552,7382139247703733,7382139251063081,7382091704901203
31,"void kernel_gemm_xdlops_v2r4r2_simplified<GridwiseGemm_bk0mk1_bk0nk1_mn_xdlops_v2r4r2, true, (InMemoryDataOperationEnum)0, BlockToCTileMap_3DGrid_KSplit, PassThrough, PassThrough, PassThrough>(GridwiseGemm_bk0mk1_bk0nk1_mn_xdlops_v2r4r2<64, _Float16, _Float16, float, _Float16, RowMajor, ColumnMajor, RowMajor, PassThrough, PassThrough, PassThrough, (GemmSpecialization)3, 1, 64, 32, 4, 32, 32, 8, 2, 1, Sequence, Sequence, Sequence, 3, 8, 8, false, true, Sequence, Sequence, Sequence, 3, 8, 8, false, true, 1, 1, 8, Sequence, (LoopScheduler)0, (PipelineVersion)0, _Float16, _Float16, _Float16, Argument, BlockToCTileMap_3DGrid_KSplit PassThrough, PassThrough, PassThrough) (kd)",2,0,34,3533912,3533912,491520,64,6656,0,48,48,32,64,0x0,0x7f6c7f1335c0,5928960,74907170,9587919856,7382091624565668,7382139251063081,7382139254442429,7382091708256660
32,"void kernel_gemm_xdlops_v2r4r2_simplified<GridwiseGemm_bk0mk1_bk0nk1_mn_xdlops_v2r4r2, true, (InMemoryDataOperationEnum)0, BlockToCTileMap_3DGrid_KSplit, PassThrough, PassThrough, PassThrough>(GridwiseGemm_bk0mk1_bk0nk1_mn_xdlops_v2r4r2<64, _Float16, _Float16, float, _Float16, RowMajor, ColumnMajor, RowMajor, PassThrough, PassThrough, PassThrough, (GemmSpecialization)3, 1, 64, 32, 4, 32, 32, 8, 2, 1, Sequence, Sequence, Sequence, 3, 8, 8, false, true, Sequence, Sequence, Sequence, 3, 8, 8, false, true, 1, 1, 8, Sequence, (LoopScheduler)0, (PipelineVersion)0, _Float16, _Float16, _Float16, Argument, BlockToCTileMap_3DGrid_KSplit PassThrough, PassThrough, PassThrough) (kd)",2,0,35,3533912,3533912,491520,64,6656,0,48,48,32,64,0x0,0x7f6c7f1335c0,5928960,74475806,9533046872,7382091624619427,7382139254442429,7382139257801458,7382091711658504
33,"void kernel_gemm_xdlops_v2r4r2_simplified<GridwiseGemm_bk0mk1_bk0nk1_mn_xdlops_v2r4r2, true, (InMemoryDataOperationEnum)0, BlockToCTileMap_3DGrid_KSplit, PassThrough, PassThrough, PassThrough>(GridwiseGemm_bk0mk1_bk0nk1_mn_xdlops_v2r4r2<64, _Float16, _Float16, float, _Float16, RowMajor, ColumnMajor, RowMajor, PassThrough, PassThrough, PassThrough, (GemmSpecialization)3, 1, 64, 32, 4, 32, 32, 8, 2, 1, Sequence, Sequence, Sequence, 3, 8, 8, false, true, Sequence, Sequence, Sequence, 3, 8, 8, false, true, 1, 1, 8, Sequence, (LoopScheduler)0, (PipelineVersion)0, _Float16, _Float16, _Float16, Argument, BlockToCTileMap_3DGrid_KSplit PassThrough, PassThrough, PassThrough) (kd)",2,0,36,3533912,3533912,491520,64,6656,0,48,48,32,64,0x0,0x7f6c7f1335c0,5928960,74090446,9483305992,7382091624674449,7382139257801458,7382139261174726,7382091715056901
34,"void kernel_gemm_xdlops_v2r4r2_simplified<GridwiseGemm_bk0mk1_bk0nk1_mn_xdlops_v2r4r2, true, (InMemoryDataOperationEnum)0, BlockToCTileMap_3DGrid_KSplit, PassThrough, PassThrough, PassThrough>(GridwiseGemm_bk0mk1_bk0nk1_mn_xdlops_v2r4r2<64, _Float16, _Float16, float, _Float16, RowMajor, ColumnMajor, RowMajor, PassThrough, PassThrough, PassThrough, (GemmSpecialization)3, 1, 64, 32, 4, 32, 32, 8, 2, 1, Sequence, Sequence, Sequence, 3, 8, 8, false, true, Sequence, Sequence, Sequence, 3, 8, 8, false, true, 1, 1, 8, Sequence, (LoopScheduler)0, (PipelineVersion)0, _Float16, _Float16, _Float16, Argument, BlockToCTileMap_3DGrid_KSplit PassThrough, PassThrough, PassThrough) (kd)",2,0,37,3533912,3533912,491520,64,6656,0,48,48,32,64,0x0,0x7f6c7f1335c0,5928960,74440266,9528641788,7382091624729070,7382139261174726,7382139264593434,7382091718459786
35,"void kernel_gemm_xdlops_v2r4r2_simplified<GridwiseGemm_bk0mk1_bk0nk1_mn_xdlops_v2r4r2, true, (InMemoryDataOperationEnum)0, BlockToCTileMap_3DGrid_KSplit, PassThrough, PassThrough, PassThrough>(GridwiseGemm_bk0mk1_bk0nk1_mn_xdlops_v2r4r2<64, _Float16, _Float16, float, _Float16, RowMajor, ColumnMajor, RowMajor, PassThrough, PassThrough, PassThrough, (GemmSpecialization)3, 1, 64, 32, 4, 32, 32, 8, 2, 1, Sequence, Sequence, Sequence, 3, 8, 8, false, true, Sequence, Sequence, Sequence, 3, 8, 8, false, true, 1, 1, 8, Sequence, (LoopScheduler)0, (PipelineVersion)0, _Float16, _Float16, _Float16, Argument, BlockToCTileMap_3DGrid_KSplit PassThrough, PassThrough, PassThrough) (kd)",2,0,38,3533912,3533912,491520,64,6656,0,48,48,32,64,0x0,0x7f6c7f1335c0,5928960,74496040,9534720564,7382091624784223,7382139264593434,7382139267948302,7382091721892967
36,"void kernel_gemm_xdlops_v2r4r2_simplified<GridwiseGemm_bk0mk1_bk0nk1_mn_xdlops_v2r4r2, true, (InMemoryDataOperationEnum)0, BlockToCTileMap_3DGrid_KSplit, PassThrough, PassThrough, PassThrough>(GridwiseGemm_bk0mk1_bk0nk1_mn_xdlops_v2r4r2<64, _Float16, _Float16, float, _Float16, RowMajor, ColumnMajor, RowMajor, PassThrough, PassThrough, PassThrough, (GemmSpecialization)3, 1, 64, 32, 4, 32, 32, 8, 2, 1, Sequence, Sequence, Sequence, 3, 8, 8, false, true, Sequence, Sequence, Sequence, 3, 8, 8, false, true, 1, 1, 8, Sequence, (LoopScheduler)0, (PipelineVersion)0, _Float16, _Float16, _Float16, Argument, BlockToCTileMap_3DGrid_KSplit PassThrough, PassThrough, PassThrough) (kd)",2,0,39,3533912,3533912,491520,64,6656,0,48,48,32,64,0x0,0x7f6c7f1335c0,5928960,75151620,9619186548,7382091624841539,7382139267948302,7382139271355170,7382091725308035
37,"void kernel_gemm_xdlops_v2r4r2_simplified<GridwiseGemm_bk0mk1_bk0nk1_mn_xdlops_v2r4r2, true, (InMemoryDataOperationEnum)0, BlockToCTileMap_3DGrid_KSplit, PassThrough, PassThrough, PassThrough>(GridwiseGemm_bk0mk1_bk0nk1_mn_xdlops_v2r4r2<64, _Float16, _Float16, float, _Float16, RowMajor, ColumnMajor, RowMajor, PassThrough, PassThrough, PassThrough, (GemmSpecialization)3, 1, 64, 32, 4, 32, 32, 8, 2, 1, Sequence, Sequence, Sequence, 3, 8, 8, false, true, Sequence, Sequence, Sequence, 3, 8, 8, false, true, 1, 1, 8, Sequence, (LoopScheduler)0, (PipelineVersion)0, _Float16, _Float16, _Float16, Argument, BlockToCTileMap_3DGrid_KSplit PassThrough, PassThrough, PassThrough) (kd)",2,0,40,3533912,3533912,491520,64,6656,0,48,48,32,64,0x0,0x7f6c7f1335c0,5928960,75337768,9643006368,7382091624898444,7382139271355170,7382139274749718,7382091728709789
38,"void kernel_gemm_xdlops_v2r4r2_simplified<GridwiseGemm_bk0mk1_bk0nk1_mn_xdlops_v2r4r2, true, (InMemoryDataOperationEnum)0, BlockToCTileMap_3DGrid_KSplit, PassThrough, PassThrough, PassThrough>(GridwiseGemm_bk0mk1_bk0nk1_mn_xdlops_v2r4r2<64, _Float16, _Float16, float, _Float16, RowMajor, ColumnMajor, RowMajor, PassThrough, PassThrough, PassThrough, (GemmSpecialization)3, 1, 64, 32, 4, 32, 32, 8, 2, 1, Sequence, Sequence, Sequence, 3, 8, 8, false, true, Sequence, Sequence, Sequence, 3, 8, 8, false, true, 1, 1, 8, Sequence, (LoopScheduler)0, (PipelineVersion)0, _Float16, _Float16, _Float16, Argument, BlockToCTileMap_3DGrid_KSplit PassThrough, PassThrough, PassThrough) (kd)",2,0,41,3533912,3533912,491520,64,6656,0,48,48,32,64,0x0,0x7f6c7f1335c0,5928960,75068758,9608822240,7382091624957083,7382139274749718,7382139278065866,7382091732124946
39,"void kernel_gemm_xdlops_v2r4r2_simplified<GridwiseGemm_bk0mk1_bk0nk1_mn_xdlops_v2r4r2, true, (InMemoryDataOperationEnum)0, BlockToCTileMap_3DGrid_KSplit, PassThrough, PassThrough, PassThrough>(GridwiseGemm_bk0mk1_bk0nk1_mn_xdlops_v2r4r2<64, _Float16, _Float16, float, _Float16, RowMajor, ColumnMajor, RowMajor, PassThrough, PassThrough, PassThrough, (GemmSpecialization)3, 1, 64, 32, 4, 32, 32, 8, 2, 1, Sequence, Sequence, Sequence, 3, 8, 8, false, true, Sequence, Sequence, Sequence, 3, 8, 8, false, true, 1, 1, 8, Sequence, (LoopScheduler)0, (PipelineVersion)0, _Float16, _Float16, _Float16, Argument, BlockToCTileMap_3DGrid_KSplit PassThrough, PassThrough, PassThrough) (kd)",2,0,42,3533912,3533912,491520,64,6656,0,48,48,32,64,0x0,0x7f6c7f1335c0,5928960,74568551,9544306420,7382091625012927,7382139278065866,7382139281451134,7382091735533092
40,"void kernel_gemm_xdlops_v2r4r2_simplified<GridwiseGemm_bk0mk1_bk0nk1_mn_xdlops_v2r4r2, true, (InMemoryDataOperationEnum)0, BlockToCTileMap_3DGrid_KSplit, PassThrough, PassThrough, PassThrough>(GridwiseGemm_bk0mk1_bk0nk1_mn_xdlops_v2r4r2<64, _Float16, _Float16, float, _Float16, RowMajor, ColumnMajor, RowMajor, PassThrough, PassThrough, PassThrough, (GemmSpecialization)3, 1, 64, 32, 4, 32, 32, 8, 2, 1, Sequence, Sequence, Sequence, 3, 8, 8, false, true, Sequence, Sequence, Sequence, 3, 8, 8, false, true, 1, 1, 8, Sequence, (LoopScheduler)0, (PipelineVersion)0, _Float16, _Float16, _Float16, Argument, BlockToCTileMap_3DGrid_KSplit PassThrough, PassThrough, PassThrough) (kd)",2,0,43,3533912,3533912,491520,64,6656,0,48,48,32,64,0x0,0x7f6c7f1335c0,5928960,75160117,9620561328,7382091625068339,7382139281451073,7382139284816021,7382091738951145
41,"void kernel_gemm_xdlops_v2r4r2_simplified<GridwiseGemm_bk0mk1_bk0nk1_mn_xdlops_v2r4r2, true, (InMemoryDataOperationEnum)0, BlockToCTileMap_3DGrid_KSplit, PassThrough, PassThrough, PassThrough>(GridwiseGemm_bk0mk1_bk0nk1_mn_xdlops_v2r4r2<64, _Float16, _Float16, float, _Float16, RowMajor, ColumnMajor, RowMajor, PassThrough, PassThrough, PassThrough, (GemmSpecialization)3, 1, 64, 32, 4, 32, 32, 8, 2, 1, Sequence, Sequence, Sequence, 3, 8, 8, false, true, Sequence, Sequence, Sequence, 3, 8, 8, false, true, 1, 1, 8, Sequence, (LoopScheduler)0, (PipelineVersion)0, _Float16, _Float16, _Float16, Argument, BlockToCTileMap_3DGrid_KSplit PassThrough, PassThrough, PassThrough) (kd)",2,0,44,3533912,3533912,491520,64,6656,0,48,48,32,64,0x0,0x7f6c7f1335c0,5928960,75015759,9602264780,7382091625125405,7382139284816021,7382139288162888,7382091742420363
42,"void kernel_gemm_xdlops_v2r4r2_simplified<GridwiseGemm_bk0mk1_bk0nk1_mn_xdlops_v2r4r2, true, (InMemoryDataOperationEnum)0, BlockToCTileMap_3DGrid_KSplit, PassThrough, PassThrough, PassThrough>(GridwiseGemm_bk0mk1_bk0nk1_mn_xdlops_v2r4r2<64, _Float16, _Float16, float, _Float16, RowMajor, ColumnMajor, RowMajor, PassThrough, PassThrough, PassThrough, (GemmSpecialization)3, 1, 64, 32, 4, 32, 32, 8, 2, 1, Sequence, Sequence, Sequence, 3, 8, 8, false, true, Sequence, Sequence, Sequence, 3, 8, 8, false, true, 1, 1, 8, Sequence, (LoopScheduler)0, (PipelineVersion)0, _Float16, _Float16, _Float16, Argument, BlockToCTileMap_3DGrid_KSplit PassThrough, PassThrough, PassThrough) (kd)",2,0,45,3533912,3533912,491520,64,6656,0,48,48,32,64,0x0,0x7f6c7f1335c0,5928960,75067342,9608434456,7382091625181589,7382139288162888,7382139291541596,7382091745805325
43,"void kernel_gemm_xdlops_v2r4r2_simplified<GridwiseGemm_bk0mk1_bk0nk1_mn_xdlops_v2r4r2, true, (InMemoryDataOperationEnum)0, BlockToCTileMap_3DGrid_KSplit, PassThrough, PassThrough, PassThrough>(GridwiseGemm_bk0mk1_bk0nk1_mn_xdlops_v2r4r2<64, _Float16, _Float16, float, _Float16, RowMajor, ColumnMajor, RowMajor, PassThrough, PassThrough, PassThrough, (GemmSpecialization)3, 1, 64, 32, 4, 32, 32, 8, 2, 1, Sequence, Sequence, Sequence, 3, 8, 8, false, true, Sequence, Sequence, Sequence, 3, 8, 8, false, true, 1, 1, 8, Sequence, (LoopScheduler)0, (PipelineVersion)0, _Float16, _Float16, _Float16, Argument, BlockToCTileMap_3DGrid_KSplit PassThrough, PassThrough, PassThrough) (kd)",2,0,46,3533912,3533912,491520,64,6656,0,48,48,32,64,0x0,0x7f6c7f1335c0,5928960,74985301,9597544912,7382091625254805,7382139291541596,7382139294923504,7382091749190257
44,"void kernel_gemm_xdlops_v2r4r2_simplified<GridwiseGemm_bk0mk1_bk0nk1_mn_xdlops_v2r4r2, true, (InMemoryDataOperationEnum)0, BlockToCTileMap_3DGrid_KSplit, PassThrough, PassThrough, PassThrough>(GridwiseGemm_bk0mk1_bk0nk1_mn_xdlops_v2r4r2<64, _Float16, _Float16, float, _Float16, RowMajor, ColumnMajor, RowMajor, PassThrough, PassThrough, PassThrough, (GemmSpecialization)3, 1, 64, 32, 4, 32, 32, 8, 2, 1, Sequence, Sequence, Sequence, 3, 8, 8, false, true, Sequence, Sequence, Sequence, 3, 8, 8, false, true, 1, 1, 8, Sequence, (LoopScheduler)0, (PipelineVersion)0, _Float16, _Float16, _Float16, Argument, BlockToCTileMap_3DGrid_KSplit PassThrough, PassThrough, PassThrough) (kd)",2,0,47,3533912,3533912,491520,64,6656,0,48,48,32,64,0x0,0x7f6c7f1335c0,5928960,74996211,9599041000,7382091625315197,7382139294923504,7382139298289572,7382091752645650
45,"void kernel_gemm_xdlops_v2r4r2_simplified<GridwiseGemm_bk0mk1_bk0nk1_mn_xdlops_v2r4r2, true, (InMemoryDataOperationEnum)0, BlockToCTileMap_3DGrid_KSplit, PassThrough, PassThrough, PassThrough>(GridwiseGemm_bk0mk1_bk0nk1_mn_xdlops_v2r4r2<64, _Float16, _Float16, float, _Float16, RowMajor, ColumnMajor, RowMajor, PassThrough, PassThrough, PassThrough, (GemmSpecialization)3, 1, 64, 32, 4, 32, 32, 8, 2, 1, Sequence, Sequence, Sequence, 3, 8, 8, false, true, Sequence, Sequence, Sequence, 3, 8, 8, false, true, 1, 1, 8, Sequence, (LoopScheduler)0, (PipelineVersion)0, _Float16, _Float16, _Float16, Argument, BlockToCTileMap_3DGrid_KSplit PassThrough, PassThrough, PassThrough) (kd)",2,0,48,3533912,3533912,491520,64,6656,0,48,48,32,64,0x0,0x7f6c7f1335c0,5928960,75013295,9601832248,7382091625372874,7382139298289572,7382139301652760,7382091756073541
46,"void kernel_gemm_xdlops_v2r4r2_simplified<GridwiseGemm_bk0mk1_bk0nk1_mn_xdlops_v2r4r2, true, (InMemoryDataOperationEnum)0, BlockToCTileMap_3DGrid_KSplit, PassThrough, PassThrough, PassThrough>(GridwiseGemm_bk0mk1_bk0nk1_mn_xdlops_v2r4r2<64, _Float16, _Float16, float, _Float16, RowMajor, ColumnMajor, RowMajor, PassThrough, PassThrough, PassThrough, (GemmSpecialization)3, 1, 64, 32, 4, 32, 32, 8, 2, 1, Sequence, Sequence, Sequence, 3, 8, 8, false, true, Sequence, Sequence, Sequence, 3, 8, 8, false, true, 1, 1, 8, Sequence, (LoopScheduler)0, (PipelineVersion)0, _Float16, _Float16, _Float16, Argument, BlockToCTileMap_3DGrid_KSplit PassThrough, PassThrough, PassThrough) (kd)",2,0,49,3533912,3533912,491520,64,6656,0,48,48,32,64,0x0,0x7f6c7f1335c0,5928960,75174824,9622146468,7382091625430009,7382139301652760,7382139304993229,7382091759476457
47,"void kernel_gemm_xdlops_v2r4r2_simplified<GridwiseGemm_bk0mk1_bk0nk1_mn_xdlops_v2r4r2, true, (InMemoryDataOperationEnum)0, BlockToCTileMap_3DGrid_KSplit, PassThrough, PassThrough, PassThrough>(GridwiseGemm_bk0mk1_bk0nk1_mn_xdlops_v2r4r2<64, _Float16, _Float16, float, _Float16, RowMajor, ColumnMajor, RowMajor, PassThrough, PassThrough, PassThrough, (GemmSpecialization)3, 1, 64, 32, 4, 32, 32, 8, 2, 1, Sequence, Sequence, Sequence, 3, 8, 8, false, true, Sequence, Sequence, Sequence, 3, 8, 8, false, true, 1, 1, 8, Sequence, (LoopScheduler)0, (PipelineVersion)0, _Float16, _Float16, _Float16, Argument, BlockToCTileMap_3DGrid_KSplit PassThrough, PassThrough, PassThrough) (kd)",2,0,50,3533912,3533912,491520,64,6656,0,48,48,32,64,0x0,0x7f6c7f1335c0,5928960,74432516,9526535416,7382091625489910,7382139304993229,7382139308370657,7382091762898327
48,"void kernel_gemm_xdlops_v2r4r2_simplified<GridwiseGemm_bk0mk1_bk0nk1_mn_xdlops_v2r4r2, true, (InMemoryDataOperationEnum)0, BlockToCTileMap_3DGrid_KSplit, PassThrough, PassThrough, PassThrough>(GridwiseGemm_bk0mk1_bk0nk1_mn_xdlops_v2r4r2<64, _Float16, _Float16, float, _Float16, RowMajor, ColumnMajor, RowMajor, PassThrough, PassThrough, PassThrough, (GemmSpecialization)3, 1, 64, 32, 4, 32, 32, 8, 2, 1, Sequence, Sequence, Sequence, 3, 8, 8, false, true, Sequence, Sequence, Sequence, 3, 8, 8, false, true, 1, 1, 8, Sequence, (LoopScheduler)0, (PipelineVersion)0, _Float16, _Float16, _Float16, Argument, BlockToCTileMap_3DGrid_KSplit PassThrough, PassThrough, PassThrough) (kd)",2,0,51,3533912,3533912,491520,64,6656,0,48,48,32,64,0x0,0x7f6c7f1335c0,5928960,74668506,9557721932,7382091625544832,7382139308370657,7382139311796885,7382091766346757
49,"void kernel_gemm_xdlops_v2r4r2_simplified<GridwiseGemm_bk0mk1_bk0nk1_mn_xdlops_v2r4r2, true, (InMemoryDataOperationEnum)0, BlockToCTileMap_3DGrid_KSplit, PassThrough, PassThrough, PassThrough>(GridwiseGemm_bk0mk1_bk0nk1_mn_xdlops_v2r4r2<64, _Float16, _Float16, float, _Float16, RowMajor, ColumnMajor, RowMajor, PassThrough, PassThrough, PassThrough, (GemmSpecialization)3, 1, 64, 32, 4, 32, 32, 8, 2, 1, Sequence, Sequence, Sequence, 3, 8, 8, false, true, Sequence, Sequence, Sequence, 3, 8, 8, false, true, 1, 1, 8, Sequence, (LoopScheduler)0, (PipelineVersion)0, _Float16, _Float16, _Float16, Argument, BlockToCTileMap_3DGrid_KSplit PassThrough, PassThrough, PassThrough) (kd)",2,0,52,3533912,3533912,491520,64,6656,0,48,48,32,64,0x0,0x7f6c7f1335c0,5928960,73683011,9430666908,7382091625601928,7382139311796885,7382139315225032,7382091769801037
50,"void kernel_gemm_xdlops_v2r4r2_simplified<GridwiseGemm_bk0mk1_bk0nk1_mn_xdlops_v2r4r2, true, (InMemoryDataOperationEnum)0, BlockToCTileMap_3DGrid_KSplit, PassThrough, PassThrough, PassThrough>(GridwiseGemm_bk0mk1_bk0nk1_mn_xdlops_v2r4r2<64, _Float16, _Float16, float, _Float16, RowMajor, ColumnMajor, RowMajor, PassThrough, PassThrough, PassThrough, (GemmSpecialization)3, 1, 64, 32, 4, 32, 32, 8, 2, 1, Sequence, Sequence, Sequence, 3, 8, 8, false, true, Sequence, Sequence, Sequence, 3, 8, 8, false, true, 1, 1, 8, Sequence, (LoopScheduler)0, (PipelineVersion)0, _Float16, _Float16, _Float16, Argument, BlockToCTileMap_3DGrid_KSplit PassThrough, PassThrough, PassThrough) (kd)",2,0,53,3533912,3533912,491520,64,6656,0,48,48,32,64,0x0,0x7f6c7f1335c0,5928960,74900771,9587149216,7382091625657521,7382139315225032,7382139318549341,7382091773253164
51,"void kernel_gemm_xdlops_v2r4r2_simplified<GridwiseGemm_bk0mk1_bk0nk1_mn_xdlops_v2r4r2, true, (InMemoryDataOperationEnum)0, BlockToCTileMap_3DGrid_KSplit, PassThrough, PassThrough, PassThrough>(GridwiseGemm_bk0mk1_bk0nk1_mn_xdlops_v2r4r2<64, _Float16, _Float16, float, _Float16, RowMajor, ColumnMajor, RowMajor, PassThrough, PassThrough, PassThrough, (GemmSpecialization)3, 1, 64, 32, 4, 32, 32, 8, 2, 1, Sequence, Sequence, Sequence, 3, 8, 8, false, true, Sequence, Sequence, Sequence, 3, 8, 8, false, true, 1, 1, 8, Sequence, (LoopScheduler)0, (PipelineVersion)0, _Float16, _Float16, _Float16, Argument, BlockToCTileMap_3DGrid_KSplit PassThrough, PassThrough, PassThrough) (kd)",2,0,54,3533912,3533912,491520,64,6656,0,48,48,32,64,0x0,0x7f6c7f1335c0,5928960,74753707,9568624940,7382091625714487,7382139318549341,7382139321903249,7382091776620343
52,"void kernel_gemm_xdlops_v2r4r2_simplified<GridwiseGemm_bk0mk1_bk0nk1_mn_xdlops_v2r4r2, true, (InMemoryDataOperationEnum)0, BlockToCTileMap_3DGrid_KSplit, PassThrough, PassThrough, PassThrough>(GridwiseGemm_bk0mk1_bk0nk1_mn_xdlops_v2r4r2<64, _Float16, _Float16, float, _Float16, RowMajor, ColumnMajor, RowMajor, PassThrough, PassThrough, PassThrough, (GemmSpecialization)3, 1, 64, 32, 4, 32, 32, 8, 2, 1, Sequence, Sequence, Sequence, 3, 8, 8, false, true, Sequence, Sequence, Sequence, 3, 8, 8, false, true, 1, 1, 8, Sequence, (LoopScheduler)0, (PipelineVersion)0, _Float16, _Float16, _Float16, Argument, BlockToCTileMap_3DGrid_KSplit PassThrough, PassThrough, PassThrough) (kd)",2,0,55,3533912,3533912,491520,64,6656,0,48,48,32,64,0x0,0x7f6c7f1335c0,5928960,75153752,9619108684,7382091625770551,7382139321903249,7382139325283397,7382091779987011
53,"void kernel_gemm_xdlops_v2r4r2_simplified<GridwiseGemm_bk0mk1_bk0nk1_mn_xdlops_v2r4r2, true, (InMemoryDataOperationEnum)0, BlockToCTileMap_3DGrid_KSplit, PassThrough, PassThrough, PassThrough>(GridwiseGemm_bk0mk1_bk0nk1_mn_xdlops_v2r4r2<64, _Float16, _Float16, float, _Float16, RowMajor, ColumnMajor, RowMajor, PassThrough, PassThrough, PassThrough, (GemmSpecialization)3, 1, 64, 32, 4, 32, 32, 8, 2, 1, Sequence, Sequence, Sequence, 3, 8, 8, false, true, Sequence, Sequence, Sequence, 3, 8, 8, false, true, 1, 1, 8, Sequence, (LoopScheduler)0, (PipelineVersion)0, _Float16, _Float16, _Float16, Argument, BlockToCTileMap_3DGrid_KSplit PassThrough, PassThrough, PassThrough) (kd)",2,0,56,3533912,3533912,491520,64,6656,0,48,48,32,64,0x0,0x7f6c7f1335c0,5928960,75164149,9620717860,7382091625830121,7382139325283397,7382139328661465,7382091783448595
54,"void kernel_gemm_xdlops_v2r4r2_simplified<GridwiseGemm_bk0mk1_bk0nk1_mn_xdlops_v2r4r2, true, (InMemoryDataOperationEnum)0, BlockToCTileMap_3DGrid_KSplit, PassThrough, PassThrough, PassThrough>(GridwiseGemm_bk0mk1_bk0nk1_mn_xdlops_v2r4r2<64, _Float16, _Float16, float, _Float16, RowMajor, ColumnMajor, RowMajor, PassThrough, PassThrough, PassThrough, (GemmSpecialization)3, 1, 64, 32, 4, 32, 32, 8, 2, 1, Sequence, Sequence, Sequence, 3, 8, 8, false, true, Sequence, Sequence, Sequence, 3, 8, 8, false, true, 1, 1, 8, Sequence, (LoopScheduler)0, (PipelineVersion)0, _Float16, _Float16, _Float16, Argument, BlockToCTileMap_3DGrid_KSplit PassThrough, PassThrough, PassThrough) (kd)",2,0,57,3533912,3533912,491520,64,6656,0,48,48,32,64,0x0,0x7f6c7f1335c0,5928960,75355359,9644765552,7382091625886155,7382139328661465,7382139332009773,7382091786835651
55,"void kernel_gemm_xdlops_v2r4r2_simplified<GridwiseGemm_bk0mk1_bk0nk1_mn_xdlops_v2r4r2, true, (InMemoryDataOperationEnum)0, BlockToCTileMap_3DGrid_KSplit, PassThrough, PassThrough, PassThrough>(GridwiseGemm_bk0mk1_bk0nk1_mn_xdlops_v2r4r2<64, _Float16, _Float16, float, _Float16, RowMajor, ColumnMajor, RowMajor, PassThrough, PassThrough, PassThrough, (GemmSpecialization)3, 1, 64, 32, 4, 32, 32, 8, 2, 1, Sequence, Sequence, Sequence, 3, 8, 8, false, true, Sequence, Sequence, Sequence, 3, 8, 8, false, true, 1, 1, 8, Sequence, (LoopScheduler)0, (PipelineVersion)0, _Float16, _Float16, _Float16, Argument, BlockToCTileMap_3DGrid_KSplit PassThrough, PassThrough, PassThrough) (kd)",2,0,58,3533912,3533912,491520,64,6656,0,48,48,32,64,0x0,0x7f6c7f1335c0,5928960,75759072,9696374480,7382091625941387,7382139332009773,7382139335398721,7382091790247563
56,"void kernel_gemm_xdlops_v2r4r2_simplified<GridwiseGemm_bk0mk1_bk0nk1_mn_xdlops_v2r4r2, true, (InMemoryDataOperationEnum)0, BlockToCTileMap_3DGrid_KSplit, PassThrough, PassThrough, PassThrough>(GridwiseGemm_bk0mk1_bk0nk1_mn_xdlops_v2r4r2<64, _Float16, _Float16, float, _Float16, RowMajor, ColumnMajor, RowMajor, PassThrough, PassThrough, PassThrough, (GemmSpecialization)3, 1, 64, 32, 4, 32, 32, 8, 2, 1, Sequence, Sequence, Sequence, 3, 8, 8, false, true, Sequence, Sequence, Sequence, 3, 8, 8, false, true, 1, 1, 8, Sequence, (LoopScheduler)0, (PipelineVersion)0, _Float16, _Float16, _Float16, Argument, BlockToCTileMap_3DGrid_KSplit PassThrough, PassThrough, PassThrough) (kd)",2,0,59,3533912,3533912,491520,64,6656,0,48,48,32,64,0x0,0x7f6c7f1335c0,5928960,73322598,9384780272,7382091625997972,7382139335398721,7382139338777589,7382091793645259
