Index,KernelName,gpu-id,queue-id,queue-index,pid,tid,grd,wgr,lds,scr,arch_vgpr,accum_vgpr,sgpr,wave_size,sig,obj,DispatchNs,BeginNs,EndNs,CompleteNs
0,__amd_rocclr_fillBufferAligned.kd,2,0,0,3536911,3536911,3932160,256,0,0,8,8,32,64,0x0,0x7f705b3bd900,7382134908367786,7382134908482338,7382134908522498,7382134908538683
1,"void kernel_gemm_xdlops_v2r4r2_simplified<GridwiseGemm_bk0mk1_bk0nk1_mn_xdlops_v2r4r2, true, (InMemoryDataOperationEnum)0, BlockToCTileMap_3DGrid_KSplit, PassThrough, PassThrough, PassThrough>(GridwiseGemm_bk0mk1_bk0nk1_mn_xdlops_v2r4r2<64, _Float16, _Float16, float, _Float16, RowMajor, ColumnMajor, RowMajor, PassThrough, PassThrough, PassThrough, (GemmSpecialization)3, 1, 64, 32, 4, 32, 32, 8, 2, 1, Sequence, Sequence, Sequence, 3, 8, 8, false, true, Sequence, Sequence, Sequence, 3, 8, 8, false, true, 1, 1, 8, Sequence, (LoopScheduler)0, (PipelineVersion)0, _Float16, _Float16, _Float16, Argument, BlockToCTileMap_3DGrid_KSplit PassThrough, PassThrough, PassThrough) (kd)",2,0,1,3536911,3536911,491520,64,6656,0,48,48,32,64,0x0,0x7f705b3935c0,7382134908785731,7382134908799136,7382134911990490,7382134912079584
2,"void kernel_gemm_xdlops_v2r4r2_simplified<GridwiseGemm_bk0mk1_bk0nk1_mn_xdlops_v2r4r2, true, (InMemoryDataOperationEnum)0, BlockToCTileMap_3DGrid_KSplit, PassThrough, PassThrough, PassThrough>(GridwiseGemm_bk0mk1_bk0nk1_mn_xdlops_v2r4r2<64, _Float16, _Float16, float, _Float16, RowMajor, ColumnMajor, RowMajor, PassThrough, PassThrough, PassThrough, (GemmSpecialization)3, 1, 64, 32, 4, 32, 32, 8, 2, 1, Sequence, Sequence, Sequence, 3, 8, 8, false, true, Sequence, Sequence, Sequence, 3, 8, 8, false, true, 1, 1, 8, Sequence, (LoopScheduler)0, (PipelineVersion)0, _Float16, _Float16, _Float16, Argument, BlockToCTileMap_3DGrid_KSplit PassThrough, PassThrough, PassThrough) (kd)",2,0,3,3536911,3536911,491520,64,6656,0,48,48,32,64,0x0,0x7f705b3935c0,7382139153742902,7382139153878627,7382139157077496,7382139157201681
3,"void kernel_gemm_xdlops_v2r4r2_simplified<GridwiseGemm_bk0mk1_bk0nk1_mn_xdlops_v2r4r2, true, (InMemoryDataOperationEnum)0, BlockToCTileMap_3DGrid_KSplit, PassThrough, PassThrough, PassThrough>(GridwiseGemm_bk0mk1_bk0nk1_mn_xdlops_v2r4r2<64, _Float16, _Float16, float, _Float16, RowMajor, ColumnMajor, RowMajor, PassThrough, PassThrough, PassThrough, (GemmSpecialization)3, 1, 64, 32, 4, 32, 32, 8, 2, 1, Sequence, Sequence, Sequence, 3, 8, 8, false, true, Sequence, Sequence, Sequence, 3, 8, 8, false, true, 1, 1, 8, Sequence, (LoopScheduler)0, (PipelineVersion)0, _Float16, _Float16, _Float16, Argument, BlockToCTileMap_3DGrid_KSplit PassThrough, PassThrough, PassThrough) (kd)",2,0,4,3536911,3536911,491520,64,6656,0,48,48,32,64,0x0,0x7f705b3935c0,7382139153798595,7382139157077496,7382139160256524,7382139160345205
4,"void kernel_gemm_xdlops_v2r4r2_simplified<GridwiseGemm_bk0mk1_bk0nk1_mn_xdlops_v2r4r2, true, (InMemoryDataOperationEnum)0, BlockToCTileMap_3DGrid_KSplit, PassThrough, PassThrough, PassThrough>(GridwiseGemm_bk0mk1_bk0nk1_mn_xdlops_v2r4r2<64, _Float16, _Float16, float, _Float16, RowMajor, ColumnMajor, RowMajor, PassThrough, PassThrough, PassThrough, (GemmSpecialization)3, 1, 64, 32, 4, 32, 32, 8, 2, 1, Sequence, Sequence, Sequence, 3, 8, 8, false, true, Sequence, Sequence, Sequence, 3, 8, 8, false, true, 1, 1, 8, Sequence, (LoopScheduler)0, (PipelineVersion)0, _Float16, _Float16, _Float16, Argument, BlockToCTileMap_3DGrid_KSplit PassThrough, PassThrough, PassThrough) (kd)",2,0,5,3536911,3536911,491520,64,6656,0,48,48,32,64,0x0,0x7f705b3935c0,7382139153808092,7382139160256524,7382139163543872,7382139163631555
5,"void kernel_gemm_xdlops_v2r4r2_simplified<GridwiseGemm_bk0mk1_bk0nk1_mn_xdlops_v2r4r2, true, (InMemoryDataOperationEnum)0, BlockToCTileMap_3DGrid_KSplit, PassThrough, PassThrough, PassThrough>(GridwiseGemm_bk0mk1_bk0nk1_mn_xdlops_v2r4r2<64, _Float16, _Float16, float, _Float16, RowMajor, ColumnMajor, RowMajor, PassThrough, PassThrough, PassThrough, (GemmSpecialization)3, 1, 64, 32, 4, 32, 32, 8, 2, 1, Sequence, Sequence, Sequence, 3, 8, 8, false, true, Sequence, Sequence, Sequence, 3, 8, 8, false, true, 1, 1, 8, Sequence, (LoopScheduler)0, (PipelineVersion)0, _Float16, _Float16, _Float16, Argument, BlockToCTileMap_3DGrid_KSplit PassThrough, PassThrough, PassThrough) (kd)",2,0,6,3536911,3536911,491520,64,6656,0,48,48,32,64,0x0,0x7f705b3935c0,7382139153813422,7382139163543872,7382139166848821,7382139166935978
6,"void kernel_gemm_xdlops_v2r4r2_simplified<GridwiseGemm_bk0mk1_bk0nk1_mn_xdlops_v2r4r2, true, (InMemoryDataOperationEnum)0, BlockToCTileMap_3DGrid_KSplit, PassThrough, PassThrough, PassThrough>(GridwiseGemm_bk0mk1_bk0nk1_mn_xdlops_v2r4r2<64, _Float16, _Float16, float, _Float16, RowMajor, ColumnMajor, RowMajor, PassThrough, PassThrough, PassThrough, (GemmSpecialization)3, 1, 64, 32, 4, 32, 32, 8, 2, 1, Sequence, Sequence, Sequence, 3, 8, 8, false, true, Sequence, Sequence, Sequence, 3, 8, 8, false, true, 1, 1, 8, Sequence, (LoopScheduler)0, (PipelineVersion)0, _Float16, _Float16, _Float16, Argument, BlockToCTileMap_3DGrid_KSplit PassThrough, PassThrough, PassThrough) (kd)",2,0,7,3536911,3536911,491520,64,6656,0,48,48,32,64,0x0,0x7f705b3935c0,7382139153818883,7382139166848821,7382139170205929,7382139170269966
7,"void kernel_gemm_xdlops_v2r4r2_simplified<GridwiseGemm_bk0mk1_bk0nk1_mn_xdlops_v2r4r2, true, (InMemoryDataOperationEnum)0, BlockToCTileMap_3DGrid_KSplit, PassThrough, PassThrough, PassThrough>(GridwiseGemm_bk0mk1_bk0nk1_mn_xdlops_v2r4r2<64, _Float16, _Float16, float, _Float16, RowMajor, ColumnMajor, RowMajor, PassThrough, PassThrough, PassThrough, (GemmSpecialization)3, 1, 64, 32, 4, 32, 32, 8, 2, 1, Sequence, Sequence, Sequence, 3, 8, 8, false, true, Sequence, Sequence, Sequence, 3, 8, 8, false, true, 1, 1, 8, Sequence, (LoopScheduler)0, (PipelineVersion)0, _Float16, _Float16, _Float16, Argument, BlockToCTileMap_3DGrid_KSplit PassThrough, PassThrough, PassThrough) (kd)",2,0,10,3536911,3536911,491520,64,6656,0,48,48,32,64,0x0,0x7f705b3935c0,7382139170228709,7382139170240649,7382139173585757,7382139173678722
8,"void kernel_gemm_xdlops_v2r4r2_simplified<GridwiseGemm_bk0mk1_bk0nk1_mn_xdlops_v2r4r2, true, (InMemoryDataOperationEnum)0, BlockToCTileMap_3DGrid_KSplit, PassThrough, PassThrough, PassThrough>(GridwiseGemm_bk0mk1_bk0nk1_mn_xdlops_v2r4r2<64, _Float16, _Float16, float, _Float16, RowMajor, ColumnMajor, RowMajor, PassThrough, PassThrough, PassThrough, (GemmSpecialization)3, 1, 64, 32, 4, 32, 32, 8, 2, 1, Sequence, Sequence, Sequence, 3, 8, 8, false, true, Sequence, Sequence, Sequence, 3, 8, 8, false, true, 1, 1, 8, Sequence, (LoopScheduler)0, (PipelineVersion)0, _Float16, _Float16, _Float16, Argument, BlockToCTileMap_3DGrid_KSplit PassThrough, PassThrough, PassThrough) (kd)",2,0,11,3536911,3536911,491520,64,6656,0,48,48,32,64,0x0,0x7f705b3935c0,7382139170237946,7382139173585757,7382139176939506,7382139177034971
9,"void kernel_gemm_xdlops_v2r4r2_simplified<GridwiseGemm_bk0mk1_bk0nk1_mn_xdlops_v2r4r2, true, (InMemoryDataOperationEnum)0, BlockToCTileMap_3DGrid_KSplit, PassThrough, PassThrough, PassThrough>(GridwiseGemm_bk0mk1_bk0nk1_mn_xdlops_v2r4r2<64, _Float16, _Float16, float, _Float16, RowMajor, ColumnMajor, RowMajor, PassThrough, PassThrough, PassThrough, (GemmSpecialization)3, 1, 64, 32, 4, 32, 32, 8, 2, 1, Sequence, Sequence, Sequence, 3, 8, 8, false, true, Sequence, Sequence, Sequence, 3, 8, 8, false, true, 1, 1, 8, Sequence, (LoopScheduler)0, (PipelineVersion)0, _Float16, _Float16, _Float16, Argument, BlockToCTileMap_3DGrid_KSplit PassThrough, PassThrough, PassThrough) (kd)",2,0,12,3536911,3536911,491520,64,6656,0,48,48,32,64,0x0,0x7f705b3935c0,7382139170242445,7382139176939506,7382139180328934,7382139180421005
10,"void kernel_gemm_xdlops_v2r4r2_simplified<GridwiseGemm_bk0mk1_bk0nk1_mn_xdlops_v2r4r2, true, (InMemoryDataOperationEnum)0, BlockToCTileMap_3DGrid_KSplit, PassThrough, PassThrough, PassThrough>(GridwiseGemm_bk0mk1_bk0nk1_mn_xdlops_v2r4r2<64, _Float16, _Float16, float, _Float16, RowMajor, ColumnMajor, RowMajor, PassThrough, PassThrough, PassThrough, (GemmSpecialization)3, 1, 64, 32, 4, 32, 32, 8, 2, 1, Sequence, Sequence, Sequence, 3, 8, 8, false, true, Sequence, Sequence, Sequence, 3, 8, 8, false, true, 1, 1, 8, Sequence, (LoopScheduler)0, (PipelineVersion)0, _Float16, _Float16, _Float16, Argument, BlockToCTileMap_3DGrid_KSplit PassThrough, PassThrough, PassThrough) (kd)",2,0,13,3536911,3536911,491520,64,6656,0,48,48,32,64,0x0,0x7f705b3935c0,7382139170246131,7382139180328934,7382139183697242,7382139183788615
11,"void kernel_gemm_xdlops_v2r4r2_simplified<GridwiseGemm_bk0mk1_bk0nk1_mn_xdlops_v2r4r2, true, (InMemoryDataOperationEnum)0, BlockToCTileMap_3DGrid_KSplit, PassThrough, PassThrough, PassThrough>(GridwiseGemm_bk0mk1_bk0nk1_mn_xdlops_v2r4r2<64, _Float16, _Float16, float, _Float16, RowMajor, ColumnMajor, RowMajor, PassThrough, PassThrough, PassThrough, (GemmSpecialization)3, 1, 64, 32, 4, 32, 32, 8, 2, 1, Sequence, Sequence, Sequence, 3, 8, 8, false, true, Sequence, Sequence, Sequence, 3, 8, 8, false, true, 1, 1, 8, Sequence, (LoopScheduler)0, (PipelineVersion)0, _Float16, _Float16, _Float16, Argument, BlockToCTileMap_3DGrid_KSplit PassThrough, PassThrough, PassThrough) (kd)",2,0,14,3536911,3536911,491520,64,6656,0,48,48,32,64,0x0,0x7f705b3935c0,7382139170250139,7382139183697242,7382139187074031,7382139187164992
12,"void kernel_gemm_xdlops_v2r4r2_simplified<GridwiseGemm_bk0mk1_bk0nk1_mn_xdlops_v2r4r2, true, (InMemoryDataOperationEnum)0, BlockToCTileMap_3DGrid_KSplit, PassThrough, PassThrough, PassThrough>(GridwiseGemm_bk0mk1_bk0nk1_mn_xdlops_v2r4r2<64, _Float16, _Float16, float, _Float16, RowMajor, ColumnMajor, RowMajor, PassThrough, PassThrough, PassThrough, (GemmSpecialization)3, 1, 64, 32, 4, 32, 32, 8, 2, 1, Sequence, Sequence, Sequence, 3, 8, 8, false, true, Sequence, Sequence, Sequence, 3, 8, 8, false, true, 1, 1, 8, Sequence, (LoopScheduler)0, (PipelineVersion)0, _Float16, _Float16, _Float16, Argument, BlockToCTileMap_3DGrid_KSplit PassThrough, PassThrough, PassThrough) (kd)",2,0,15,3536911,3536911,491520,64,6656,0,48,48,32,64,0x0,0x7f705b3935c0,7382139170253936,7382139187074031,7382139190433539,7382139190524998
13,"void kernel_gemm_xdlops_v2r4r2_simplified<GridwiseGemm_bk0mk1_bk0nk1_mn_xdlops_v2r4r2, true, (InMemoryDataOperationEnum)0, BlockToCTileMap_3DGrid_KSplit, PassThrough, PassThrough, PassThrough>(GridwiseGemm_bk0mk1_bk0nk1_mn_xdlops_v2r4r2<64, _Float16, _Float16, float, _Float16, RowMajor, ColumnMajor, RowMajor, PassThrough, PassThrough, PassThrough, (GemmSpecialization)3, 1, 64, 32, 4, 32, 32, 8, 2, 1, Sequence, Sequence, Sequence, 3, 8, 8, false, true, Sequence, Sequence, Sequence, 3, 8, 8, false, true, 1, 1, 8, Sequence, (LoopScheduler)0, (PipelineVersion)0, _Float16, _Float16, _Float16, Argument, BlockToCTileMap_3DGrid_KSplit PassThrough, PassThrough, PassThrough) (kd)",2,0,16,3536911,3536911,491520,64,6656,0,48,48,32,64,0x0,0x7f705b3935c0,7382139170261189,7382139190433539,7382139193808567,7382139193899280
14,"void kernel_gemm_xdlops_v2r4r2_simplified<GridwiseGemm_bk0mk1_bk0nk1_mn_xdlops_v2r4r2, true, (InMemoryDataOperationEnum)0, BlockToCTileMap_3DGrid_KSplit, PassThrough, PassThrough, PassThrough>(GridwiseGemm_bk0mk1_bk0nk1_mn_xdlops_v2r4r2<64, _Float16, _Float16, float, _Float16, RowMajor, ColumnMajor, RowMajor, PassThrough, PassThrough, PassThrough, (GemmSpecialization)3, 1, 64, 32, 4, 32, 32, 8, 2, 1, Sequence, Sequence, Sequence, 3, 8, 8, false, true, Sequence, Sequence, Sequence, 3, 8, 8, false, true, 1, 1, 8, Sequence, (LoopScheduler)0, (PipelineVersion)0, _Float16, _Float16, _Float16, Argument, BlockToCTileMap_3DGrid_KSplit PassThrough, PassThrough, PassThrough) (kd)",2,0,17,3536911,3536911,491520,64,6656,0,48,48,32,64,0x0,0x7f705b3935c0,7382139170267742,7382139193808567,7382139197181835,7382139197272631
15,"void kernel_gemm_xdlops_v2r4r2_simplified<GridwiseGemm_bk0mk1_bk0nk1_mn_xdlops_v2r4r2, true, (InMemoryDataOperationEnum)0, BlockToCTileMap_3DGrid_KSplit, PassThrough, PassThrough, PassThrough>(GridwiseGemm_bk0mk1_bk0nk1_mn_xdlops_v2r4r2<64, _Float16, _Float16, float, _Float16, RowMajor, ColumnMajor, RowMajor, PassThrough, PassThrough, PassThrough, (GemmSpecialization)3, 1, 64, 32, 4, 32, 32, 8, 2, 1, Sequence, Sequence, Sequence, 3, 8, 8, false, true, Sequence, Sequence, Sequence, 3, 8, 8, false, true, 1, 1, 8, Sequence, (LoopScheduler)0, (PipelineVersion)0, _Float16, _Float16, _Float16, Argument, BlockToCTileMap_3DGrid_KSplit PassThrough, PassThrough, PassThrough) (kd)",2,0,18,3536911,3536911,491520,64,6656,0,48,48,32,64,0x0,0x7f705b3935c0,7382139170272260,7382139197181835,7382139200524064,7382139200615385
16,"void kernel_gemm_xdlops_v2r4r2_simplified<GridwiseGemm_bk0mk1_bk0nk1_mn_xdlops_v2r4r2, true, (InMemoryDataOperationEnum)0, BlockToCTileMap_3DGrid_KSplit, PassThrough, PassThrough, PassThrough>(GridwiseGemm_bk0mk1_bk0nk1_mn_xdlops_v2r4r2<64, _Float16, _Float16, float, _Float16, RowMajor, ColumnMajor, RowMajor, PassThrough, PassThrough, PassThrough, (GemmSpecialization)3, 1, 64, 32, 4, 32, 32, 8, 2, 1, Sequence, Sequence, Sequence, 3, 8, 8, false, true, Sequence, Sequence, Sequence, 3, 8, 8, false, true, 1, 1, 8, Sequence, (LoopScheduler)0, (PipelineVersion)0, _Float16, _Float16, _Float16, Argument, BlockToCTileMap_3DGrid_KSplit PassThrough, PassThrough, PassThrough) (kd)",2,0,19,3536911,3536911,491520,64,6656,0,48,48,32,64,0x0,0x7f705b3935c0,7382139170316602,7382139200524064,7382139203854292,7382139203944674
17,"void kernel_gemm_xdlops_v2r4r2_simplified<GridwiseGemm_bk0mk1_bk0nk1_mn_xdlops_v2r4r2, true, (InMemoryDataOperationEnum)0, BlockToCTileMap_3DGrid_KSplit, PassThrough, PassThrough, PassThrough>(GridwiseGemm_bk0mk1_bk0nk1_mn_xdlops_v2r4r2<64, _Float16, _Float16, float, _Float16, RowMajor, ColumnMajor, RowMajor, PassThrough, PassThrough, PassThrough, (GemmSpecialization)3, 1, 64, 32, 4, 32, 32, 8, 2, 1, Sequence, Sequence, Sequence, 3, 8, 8, false, true, Sequence, Sequence, Sequence, 3, 8, 8, false, true, 1, 1, 8, Sequence, (LoopScheduler)0, (PipelineVersion)0, _Float16, _Float16, _Float16, Argument, BlockToCTileMap_3DGrid_KSplit PassThrough, PassThrough, PassThrough) (kd)",2,0,20,3536911,3536911,491520,64,6656,0,48,48,32,64,0x0,0x7f705b3935c0,7382139170321752,7382139203854292,7382139207260520,7382139207351065
18,"void kernel_gemm_xdlops_v2r4r2_simplified<GridwiseGemm_bk0mk1_bk0nk1_mn_xdlops_v2r4r2, true, (InMemoryDataOperationEnum)0, BlockToCTileMap_3DGrid_KSplit, PassThrough, PassThrough, PassThrough>(GridwiseGemm_bk0mk1_bk0nk1_mn_xdlops_v2r4r2<64, _Float16, _Float16, float, _Float16, RowMajor, ColumnMajor, RowMajor, PassThrough, PassThrough, PassThrough, (GemmSpecialization)3, 1, 64, 32, 4, 32, 32, 8, 2, 1, Sequence, Sequence, Sequence, 3, 8, 8, false, true, Sequence, Sequence, Sequence, 3, 8, 8, false, true, 1, 1, 8, Sequence, (LoopScheduler)0, (PipelineVersion)0, _Float16, _Float16, _Float16, Argument, BlockToCTileMap_3DGrid_KSplit PassThrough, PassThrough, PassThrough) (kd)",2,0,21,3536911,3536911,491520,64,6656,0,48,48,32,64,0x0,0x7f705b3935c0,7382139170333313,7382139207260520,7382139210621149,7382139210715920
19,"void kernel_gemm_xdlops_v2r4r2_simplified<GridwiseGemm_bk0mk1_bk0nk1_mn_xdlops_v2r4r2, true, (InMemoryDataOperationEnum)0, BlockToCTileMap_3DGrid_KSplit, PassThrough, PassThrough, PassThrough>(GridwiseGemm_bk0mk1_bk0nk1_mn_xdlops_v2r4r2<64, _Float16, _Float16, float, _Float16, RowMajor, ColumnMajor, RowMajor, PassThrough, PassThrough, PassThrough, (GemmSpecialization)3, 1, 64, 32, 4, 32, 32, 8, 2, 1, Sequence, Sequence, Sequence, 3, 8, 8, false, true, Sequence, Sequence, Sequence, 3, 8, 8, false, true, 1, 1, 8, Sequence, (LoopScheduler)0, (PipelineVersion)0, _Float16, _Float16, _Float16, Argument, BlockToCTileMap_3DGrid_KSplit PassThrough, PassThrough, PassThrough) (kd)",2,0,22,3536911,3536911,491520,64,6656,0,48,48,32,64,0x0,0x7f705b3935c0,7382139170338362,7382139210621149,7382139213997297,7382139214091145
20,"void kernel_gemm_xdlops_v2r4r2_simplified<GridwiseGemm_bk0mk1_bk0nk1_mn_xdlops_v2r4r2, true, (InMemoryDataOperationEnum)0, BlockToCTileMap_3DGrid_KSplit, PassThrough, PassThrough, PassThrough>(GridwiseGemm_bk0mk1_bk0nk1_mn_xdlops_v2r4r2<64, _Float16, _Float16, float, _Float16, RowMajor, ColumnMajor, RowMajor, PassThrough, PassThrough, PassThrough, (GemmSpecialization)3, 1, 64, 32, 4, 32, 32, 8, 2, 1, Sequence, Sequence, Sequence, 3, 8, 8, false, true, Sequence, Sequence, Sequence, 3, 8, 8, false, true, 1, 1, 8, Sequence, (LoopScheduler)0, (PipelineVersion)0, _Float16, _Float16, _Float16, Argument, BlockToCTileMap_3DGrid_KSplit PassThrough, PassThrough, PassThrough) (kd)",2,0,23,3536911,3536911,491520,64,6656,0,48,48,32,64,0x0,0x7f705b3935c0,7382139170344133,7382139213997297,7382139217390245,7382139217481928
21,"void kernel_gemm_xdlops_v2r4r2_simplified<GridwiseGemm_bk0mk1_bk0nk1_mn_xdlops_v2r4r2, true, (InMemoryDataOperationEnum)0, BlockToCTileMap_3DGrid_KSplit, PassThrough, PassThrough, PassThrough>(GridwiseGemm_bk0mk1_bk0nk1_mn_xdlops_v2r4r2<64, _Float16, _Float16, float, _Float16, RowMajor, ColumnMajor, RowMajor, PassThrough, PassThrough, PassThrough, (GemmSpecialization)3, 1, 64, 32, 4, 32, 32, 8, 2, 1, Sequence, Sequence, Sequence, 3, 8, 8, false, true, Sequence, Sequence, Sequence, 3, 8, 8, false, true, 1, 1, 8, Sequence, (LoopScheduler)0, (PipelineVersion)0, _Float16, _Float16, _Float16, Argument, BlockToCTileMap_3DGrid_KSplit PassThrough, PassThrough, PassThrough) (kd)",2,0,24,3536911,3536911,491520,64,6656,0,48,48,32,64,0x0,0x7f705b3935c0,7382139170349874,7382139217390081,7382139220750229,7382139220845861
22,"void kernel_gemm_xdlops_v2r4r2_simplified<GridwiseGemm_bk0mk1_bk0nk1_mn_xdlops_v2r4r2, true, (InMemoryDataOperationEnum)0, BlockToCTileMap_3DGrid_KSplit, PassThrough, PassThrough, PassThrough>(GridwiseGemm_bk0mk1_bk0nk1_mn_xdlops_v2r4r2<64, _Float16, _Float16, float, _Float16, RowMajor, ColumnMajor, RowMajor, PassThrough, PassThrough, PassThrough, (GemmSpecialization)3, 1, 64, 32, 4, 32, 32, 8, 2, 1, Sequence, Sequence, Sequence, 3, 8, 8, false, true, Sequence, Sequence, Sequence, 3, 8, 8, false, true, 1, 1, 8, Sequence, (LoopScheduler)0, (PipelineVersion)0, _Float16, _Float16, _Float16, Argument, BlockToCTileMap_3DGrid_KSplit PassThrough, PassThrough, PassThrough) (kd)",2,0,25,3536911,3536911,491520,64,6656,0,48,48,32,64,0x0,0x7f705b3935c0,7382139170353681,7382139220750229,7382139224100776,7382139224191170
23,"void kernel_gemm_xdlops_v2r4r2_simplified<GridwiseGemm_bk0mk1_bk0nk1_mn_xdlops_v2r4r2, true, (InMemoryDataOperationEnum)0, BlockToCTileMap_3DGrid_KSplit, PassThrough, PassThrough, PassThrough>(GridwiseGemm_bk0mk1_bk0nk1_mn_xdlops_v2r4r2<64, _Float16, _Float16, float, _Float16, RowMajor, ColumnMajor, RowMajor, PassThrough, PassThrough, PassThrough, (GemmSpecialization)3, 1, 64, 32, 4, 32, 32, 8, 2, 1, Sequence, Sequence, Sequence, 3, 8, 8, false, true, Sequence, Sequence, Sequence, 3, 8, 8, false, true, 1, 1, 8, Sequence, (LoopScheduler)0, (PipelineVersion)0, _Float16, _Float16, _Float16, Argument, BlockToCTileMap_3DGrid_KSplit PassThrough, PassThrough, PassThrough) (kd)",2,0,26,3536911,3536911,491520,64,6656,0,48,48,32,64,0x0,0x7f705b3935c0,7382139170358319,7382139224100776,7382139227455804,7382139227547559
24,"void kernel_gemm_xdlops_v2r4r2_simplified<GridwiseGemm_bk0mk1_bk0nk1_mn_xdlops_v2r4r2, true, (InMemoryDataOperationEnum)0, BlockToCTileMap_3DGrid_KSplit, PassThrough, PassThrough, PassThrough>(GridwiseGemm_bk0mk1_bk0nk1_mn_xdlops_v2r4r2<64, _Float16, _Float16, float, _Float16, RowMajor, ColumnMajor, RowMajor, PassThrough, PassThrough, PassThrough, (GemmSpecialization)3, 1, 64, 32, 4, 32, 32, 8, 2, 1, Sequence, Sequence, Sequence, 3, 8, 8, false, true, Sequence, Sequence, Sequence, 3, 8, 8, false, true, 1, 1, 8, Sequence, (LoopScheduler)0, (PipelineVersion)0, _Float16, _Float16, _Float16, Argument, BlockToCTileMap_3DGrid_KSplit PassThrough, PassThrough, PassThrough) (kd)",2,0,27,3536911,3536911,491520,64,6656,0,48,48,32,64,0x0,0x7f705b3935c0,7382139170363329,7382139227455804,7382139230851312,7382139230941508
25,"void kernel_gemm_xdlops_v2r4r2_simplified<GridwiseGemm_bk0mk1_bk0nk1_mn_xdlops_v2r4r2, true, (InMemoryDataOperationEnum)0, BlockToCTileMap_3DGrid_KSplit, PassThrough, PassThrough, PassThrough>(GridwiseGemm_bk0mk1_bk0nk1_mn_xdlops_v2r4r2<64, _Float16, _Float16, float, _Float16, RowMajor, ColumnMajor, RowMajor, PassThrough, PassThrough, PassThrough, (GemmSpecialization)3, 1, 64, 32, 4, 32, 32, 8, 2, 1, Sequence, Sequence, Sequence, 3, 8, 8, false, true, Sequence, Sequence, Sequence, 3, 8, 8, false, true, 1, 1, 8, Sequence, (LoopScheduler)0, (PipelineVersion)0, _Float16, _Float16, _Float16, Argument, BlockToCTileMap_3DGrid_KSplit PassThrough, PassThrough, PassThrough) (kd)",2,0,28,3536911,3536911,491520,64,6656,0,48,48,32,64,0x0,0x7f705b3935c0,7382139170367276,7382139230851312,7382139234252900,7382139234343341
26,"void kernel_gemm_xdlops_v2r4r2_simplified<GridwiseGemm_bk0mk1_bk0nk1_mn_xdlops_v2r4r2, true, (InMemoryDataOperationEnum)0, BlockToCTileMap_3DGrid_KSplit, PassThrough, PassThrough, PassThrough>(GridwiseGemm_bk0mk1_bk0nk1_mn_xdlops_v2r4r2<64, _Float16, _Float16, float, _Float16, RowMajor, ColumnMajor, RowMajor, PassThrough, PassThrough, PassThrough, (GemmSpecialization)3, 1, 64, 32, 4, 32, 32, 8, 2, 1, Sequence, Sequence, Sequence, 3, 8, 8, false, true, Sequence, Sequence, Sequence, 3, 8, 8, false, true, 1, 1, 8, Sequence, (LoopScheduler)0, (PipelineVersion)0, _Float16, _Float16, _Float16, Argument, BlockToCTileMap_3DGrid_KSplit PassThrough, PassThrough, PassThrough) (kd)",2,0,29,3536911,3536911,491520,64,6656,0,48,48,32,64,0x0,0x7f705b3935c0,7382139170371804,7382139234252900,7382139237592569,7382139237683881
27,"void kernel_gemm_xdlops_v2r4r2_simplified<GridwiseGemm_bk0mk1_bk0nk1_mn_xdlops_v2r4r2, true, (InMemoryDataOperationEnum)0, BlockToCTileMap_3DGrid_KSplit, PassThrough, PassThrough, PassThrough>(GridwiseGemm_bk0mk1_bk0nk1_mn_xdlops_v2r4r2<64, _Float16, _Float16, float, _Float16, RowMajor, ColumnMajor, RowMajor, PassThrough, PassThrough, PassThrough, (GemmSpecialization)3, 1, 64, 32, 4, 32, 32, 8, 2, 1, Sequence, Sequence, Sequence, 3, 8, 8, false, true, Sequence, Sequence, Sequence, 3, 8, 8, false, true, 1, 1, 8, Sequence, (LoopScheduler)0, (PipelineVersion)0, _Float16, _Float16, _Float16, Argument, BlockToCTileMap_3DGrid_KSplit PassThrough, PassThrough, PassThrough) (kd)",2,0,30,3536911,3536911,491520,64,6656,0,48,48,32,64,0x0,0x7f705b3935c0,7382139170377655,7382139237592569,7382139240962477,7382139241056901
28,"void kernel_gemm_xdlops_v2r4r2_simplified<GridwiseGemm_bk0mk1_bk0nk1_mn_xdlops_v2r4r2, true, (InMemoryDataOperationEnum)0, BlockToCTileMap_3DGrid_KSplit, PassThrough, PassThrough, PassThrough>(GridwiseGemm_bk0mk1_bk0nk1_mn_xdlops_v2r4r2<64, _Float16, _Float16, float, _Float16, RowMajor, ColumnMajor, RowMajor, PassThrough, PassThrough, PassThrough, (GemmSpecialization)3, 1, 64, 32, 4, 32, 32, 8, 2, 1, Sequence, Sequence, Sequence, 3, 8, 8, false, true, Sequence, Sequence, Sequence, 3, 8, 8, false, true, 1, 1, 8, Sequence, (LoopScheduler)0, (PipelineVersion)0, _Float16, _Float16, _Float16, Argument, BlockToCTileMap_3DGrid_KSplit PassThrough, PassThrough, PassThrough) (kd)",2,0,31,3536911,3536911,491520,64,6656,0,48,48,32,64,0x0,0x7f705b3935c0,7382139170381943,7382139240962477,7382139244348705,7382139244421776
29,"void kernel_gemm_xdlops_v2r4r2_simplified<GridwiseGemm_bk0mk1_bk0nk1_mn_xdlops_v2r4r2, true, (InMemoryDataOperationEnum)0, BlockToCTileMap_3DGrid_KSplit, PassThrough, PassThrough, PassThrough>(GridwiseGemm_bk0mk1_bk0nk1_mn_xdlops_v2r4r2<64, _Float16, _Float16, float, _Float16, RowMajor, ColumnMajor, RowMajor, PassThrough, PassThrough, PassThrough, (GemmSpecialization)3, 1, 64, 32, 4, 32, 32, 8, 2, 1, Sequence, Sequence, Sequence, 3, 8, 8, false, true, Sequence, Sequence, Sequence, 3, 8, 8, false, true, 1, 1, 8, Sequence, (LoopScheduler)0, (PipelineVersion)0, _Float16, _Float16, _Float16, Argument, BlockToCTileMap_3DGrid_KSplit PassThrough, PassThrough, PassThrough) (kd)",2,0,32,3536911,3536911,491520,64,6656,0,48,48,32,64,0x0,0x7f705b3935c0,7382139170387403,7382139244348705,7382139247703733,7382139247794055
30,"void kernel_gemm_xdlops_v2r4r2_simplified<GridwiseGemm_bk0mk1_bk0nk1_mn_xdlops_v2r4r2, true, (InMemoryDataOperationEnum)0, BlockToCTileMap_3DGrid_KSplit, PassThrough, PassThrough, PassThrough>(GridwiseGemm_bk0mk1_bk0nk1_mn_xdlops_v2r4r2<64, _Float16, _Float16, float, _Float16, RowMajor, ColumnMajor, RowMajor, PassThrough, PassThrough, PassThrough, (GemmSpecialization)3, 1, 64, 32, 4, 32, 32, 8, 2, 1, Sequence, Sequence, Sequence, 3, 8, 8, false, true, Sequence, Sequence, Sequence, 3, 8, 8, false, true, 1, 1, 8, Sequence, (LoopScheduler)0, (PipelineVersion)0, _Float16, _Float16, _Float16, Argument, BlockToCTileMap_3DGrid_KSplit PassThrough, PassThrough, PassThrough) (kd)",2,0,33,3536911,3536911,491520,64,6656,0,48,48,32,64,0x0,0x7f705b3935c0,7382139170392603,7382139247703733,7382139251063081,7382139251153269
31,"void kernel_gemm_xdlops_v2r4r2_simplified<GridwiseGemm_bk0mk1_bk0nk1_mn_xdlops_v2r4r2, true, (InMemoryDataOperationEnum)0, BlockToCTileMap_3DGrid_KSplit, PassThrough, PassThrough, PassThrough>(GridwiseGemm_bk0mk1_bk0nk1_mn_xdlops_v2r4r2<64, _Float16, _Float16, float, _Float16, RowMajor, ColumnMajor, RowMajor, PassThrough, PassThrough, PassThrough, (GemmSpecialization)3, 1, 64, 32, 4, 32, 32, 8, 2, 1, Sequence, Sequence, Sequence, 3, 8, 8, false, true, Sequence, Sequence, Sequence, 3, 8, 8, false, true, 1, 1, 8, Sequence, (LoopScheduler)0, (PipelineVersion)0, _Float16, _Float16, _Float16, Argument, BlockToCTileMap_3DGrid_KSplit PassThrough, PassThrough, PassThrough) (kd)",2,0,34,3536911,3536911,491520,64,6656,0,48,48,32,64,0x0,0x7f705b3935c0,7382139170397903,7382139251063081,7382139254442429,7382139254533693
32,"void kernel_gemm_xdlops_v2r4r2_simplified<GridwiseGemm_bk0mk1_bk0nk1_mn_xdlops_v2r4r2, true, (InMemoryDataOperationEnum)0, BlockToCTileMap_3DGrid_KSplit, PassThrough, PassThrough, PassThrough>(GridwiseGemm_bk0mk1_bk0nk1_mn_xdlops_v2r4r2<64, _Float16, _Float16, float, _Float16, RowMajor, ColumnMajor, RowMajor, PassThrough, PassThrough, PassThrough, (GemmSpecialization)3, 1, 64, 32, 4, 32, 32, 8, 2, 1, Sequence, Sequence, Sequence, 3, 8, 8, false, true, Sequence, Sequence, Sequence, 3, 8, 8, false, true, 1, 1, 8, Sequence, (LoopScheduler)0, (PipelineVersion)0, _Float16, _Float16, _Float16, Argument, BlockToCTileMap_3DGrid_KSplit PassThrough, PassThrough, PassThrough) (kd)",2,0,35,3536911,3536911,491520,64,6656,0,48,48,32,64,0x0,0x7f705b3935c0,7382139170403663,7382139254442429,7382139257801458,7382139257891986
33,"void kernel_gemm_xdlops_v2r4r2_simplified<GridwiseGemm_bk0mk1_bk0nk1_mn_xdlops_v2r4r2, true, (InMemoryDataOperationEnum)0, BlockToCTileMap_3DGrid_KSplit, PassThrough, PassThrough, PassThrough>(GridwiseGemm_bk0mk1_bk0nk1_mn_xdlops_v2r4r2<64, _Float16, _Float16, float, _Float16, RowMajor, ColumnMajor, RowMajor, PassThrough, PassThrough, PassThrough, (GemmSpecialization)3, 1, 64, 32, 4, 32, 32, 8, 2, 1, Sequence, Sequence, Sequence, 3, 8, 8, false, true, Sequence, Sequence, Sequence, 3, 8, 8, false, true, 1, 1, 8, Sequence, (LoopScheduler)0, (PipelineVersion)0, _Float16, _Float16, _Float16, Argument, BlockToCTileMap_3DGrid_KSplit PassThrough, PassThrough, PassThrough) (kd)",2,0,36,3536911,3536911,491520,64,6656,0,48,48,32,64,0x0,0x7f705b3935c0,7382139170408512,7382139257801458,7382139261174726,7382139261265036
34,"void kernel_gemm_xdlops_v2r4r2_simplified<GridwiseGemm_bk0mk1_bk0nk1_mn_xdlops_v2r4r2, true, (InMemoryDataOperationEnum)0, BlockToCTileMap_3DGrid_KSplit, PassThrough, PassThrough, PassThrough>(GridwiseGemm_bk0mk1_bk0nk1_mn_xdlops_v2r4r2<64, _Float16, _Float16, float, _Float16, RowMajor, ColumnMajor, RowMajor, PassThrough, PassThrough, PassThrough, (GemmSpecialization)3, 1, 64, 32, 4, 32, 32, 8, 2, 1, Sequence, Sequence, Sequence, 3, 8, 8, false, true, Sequence, Sequence, Sequence, 3, 8, 8, false, true, 1, 1, 8, Sequence, (LoopScheduler)0, (PipelineVersion)0, _Float16, _Float16, _Float16, Argument, BlockToCTileMap_3DGrid_KSplit PassThrough, PassThrough, PassThrough) (kd)",2,0,37,3536911,3536911,491520,64,6656,0,48,48,32,64,0x0,0x7f705b3935c0,7382139170413582,7382139261174726,7382139264593434,7382139264683671
35,"void kernel_gemm_xdlops_v2r4r2_simplified<GridwiseGemm_bk0mk1_bk0nk1_mn_xdlops_v2r4r2, true, (InMemoryDataOperationEnum)0, BlockToCTileMap_3DGrid_KSplit, PassThrough, PassThrough, PassThrough>(GridwiseGemm_bk0mk1_bk0nk1_mn_xdlops_v2r4r2<64, _Float16, _Float16, float, _Float16, RowMajor, ColumnMajor, RowMajor, PassThrough, PassThrough, PassThrough, (GemmSpecialization)3, 1, 64, 32, 4, 32, 32, 8, 2, 1, Sequence, Sequence, Sequence, 3, 8, 8, false, true, Sequence, Sequence, Sequence, 3, 8, 8, false, true, 1, 1, 8, Sequence, (LoopScheduler)0, (PipelineVersion)0, _Float16, _Float16, _Float16, Argument, BlockToCTileMap_3DGrid_KSplit PassThrough, PassThrough, PassThrough) (kd)",2,0,38,3536911,3536911,491520,64,6656,0,48,48,32,64,0x0,0x7f705b3935c0,7382139170418250,7382139264593434,7382139267948302,7382139268038307
36,"void kernel_gemm_xdlops_v2r4r2_simplified<GridwiseGemm_bk0mk1_bk0nk1_mn_xdlops_v2r4r2, true, (InMemoryDataOperationEnum)0, BlockToCTileMap_3DGrid_KSplit, PassThrough, PassThrough, PassThrough>(GridwiseGemm_bk0mk1_bk0nk1_mn_xdlops_v2r4r2<64, _Float16, _Float16, float, _Float16, RowMajor, ColumnMajor, RowMajor, PassThrough, PassThrough, PassThrough, (GemmSpecialization)3, 1, 64, 32, 4, 32, 32, 8, 2, 1, Sequence, Sequence, Sequence, 3, 8, 8, false, true, Sequence, Sequence, Sequence, 3, 8, 8, false, true, 1, 1, 8, Sequence, (LoopScheduler)0, (PipelineVersion)0, _Float16, _Float16, _Float16, Argument, BlockToCTileMap_3DGrid_KSplit PassThrough, PassThrough, PassThrough) (kd)",2,0,39,3536911,3536911,491520,64,6656,0,48,48,32,64,0x0,0x7f705b3935c0,7382139170422468,7382139267948302,7382139271355170,7382139271445570
37,"void kernel_gemm_xdlops_v2r4r2_simplified<GridwiseGemm_bk0mk1_bk0nk1_mn_xdlops_v2r4r2, true, (InMemoryDataOperationEnum)0, BlockToCTileMap_3DGrid_KSplit, PassThrough, PassThrough, PassThrough>(GridwiseGemm_bk0mk1_bk0nk1_mn_xdlops_v2r4r2<64, _Float16, _Float16, float, _Float16, RowMajor, ColumnMajor, RowMajor, PassThrough, PassThrough, PassThrough, (GemmSpecialization)3, 1, 64, 32, 4, 32, 32, 8, 2, 1, Sequence, Sequence, Sequence, 3, 8, 8, false, true, Sequence, Sequence, Sequence, 3, 8, 8, false, true, 1, 1, 8, Sequence, (LoopScheduler)0, (PipelineVersion)0, _Float16, _Float16, _Float16, Argument, BlockToCTileMap_3DGrid_KSplit PassThrough, PassThrough, PassThrough) (kd)",2,0,40,3536911,3536911,491520,64,6656,0,48,48,32,64,0x0,0x7f705b3935c0,7382139170427678,7382139271355170,7382139274749718,7382139274841443
38,"void kernel_gemm_xdlops_v2r4r2_simplified<GridwiseGemm_bk0mk1_bk0nk1_mn_xdlops_v2r4r2, true, (InMemoryDataOperationEnum)0, BlockToCTileMap_3DGrid_KSplit, PassThrough, PassThrough, PassThrough>(GridwiseGemm_bk0mk1_bk0nk1_mn_xdlops_v2r4r2<64, _Float16, _Float16, float, _Float16, RowMajor, ColumnMajor, RowMajor, PassThrough, PassThrough, PassThrough, (GemmSpecialization)3, 1, 64, 32, 4, 32, 32, 8, 2, 1, Sequence, Sequence, Sequence, 3, 8, 8, false, true, Sequence, Sequence, Sequence, 3, 8, 8, false, true, 1, 1, 8, Sequence, (LoopScheduler)0, (PipelineVersion)0, _Float16, _Float16, _Float16, Argument, BlockToCTileMap_3DGrid_KSplit PassThrough, PassThrough, PassThrough) (kd)",2,0,41,3536911,3536911,491520,64,6656,0,48,48,32,64,0x0,0x7f705b3935c0,7382139170432828,7382139274749718,7382139278065866,7382139278155303
39,"void kernel_gemm_xdlops_v2r4r2_simplified<GridwiseGemm_bk0mk1_bk0nk1_mn_xdlops_v2r4r2, true, (InMemoryDataOperationEnum)0, BlockToCTileMap_3DGrid_KSplit, PassThrough, PassThrough, PassThrough>(GridwiseGemm_bk0mk1_bk0nk1_mn_xdlops_v2r4r2<64, _Float16, _Float16, float, _Float16, RowMajor, ColumnMajor, RowMajor, PassThrough, PassThrough, PassThrough, (GemmSpecialization)3, 1, 64, 32, 4, 32, 32, 8, 2, 1, Sequence, Sequence, Sequence, 3, 8, 8, false, true, Sequence, Sequence, Sequence, 3, 8, 8, false, true, 1, 1, 8, Sequence, (LoopScheduler)0, (PipelineVersion)0, _Float16, _Float16, _Float16, Argument, BlockToCTileMap_3DGrid_KSplit PassThrough, PassThrough, PassThrough) (kd)",2,0,42,3536911,3536911,491520,64,6656,0,48,48,32,64,0x0,0x7f705b3935c0,7382139170436464,7382139278065866,7382139281451134,7382139281541328
40,"void kernel_gemm_xdlops_v2r4r2_simplified<GridwiseGemm_bk0mk1_bk0nk1_mn_xdlops_v2r4r2, true, (InMemoryDataOperationEnum)0, BlockToCTileMap_3DGrid_KSplit, PassThrough, PassThrough, PassThrough>(GridwiseGemm_bk0mk1_bk0nk1_mn_xdlops_v2r4r2<64, _Float16, _Float16, float, _Float16, RowMajor, ColumnMajor, RowMajor, PassThrough, PassThrough, PassThrough, (GemmSpecialization)3, 1, 64, 32, 4, 32, 32, 8, 2, 1, Sequence, Sequence, Sequence, 3, 8, 8, false, true, Sequence, Sequence, Sequence, 3, 8, 8, false, true, 1, 1, 8, Sequence, (LoopScheduler)0, (PipelineVersion)0, _Float16, _Float16, _Float16, Argument, BlockToCTileMap_3DGrid_KSplit PassThrough, PassThrough, PassThrough) (kd)",2,0,43,3536911,3536911,491520,64,6656,0,48,48,32,64,0x0,0x7f705b3935c0,7382139170441654,7382139281451073,7382139284816021,7382139284911983
41,"void kernel_gemm_xdlops_v2r4r2_simplified<GridwiseGemm_bk0mk1_bk0nk1_mn_xdlops_v2r4r2, true, (InMemoryDataOperationEnum)0, BlockToCTileMap_3DGrid_KSplit, PassThrough, PassThrough, PassThrough>(GridwiseGemm_bk0mk1_bk0nk1_mn_xdlops_v2r4r2<64, _Float16, _Float16, float, _Float16, RowMajor, ColumnMajor, RowMajor, PassThrough, PassThrough, PassThrough, (GemmSpecialization)3, 1, 64, 32, 4, 32, 32, 8, 2, 1, Sequence, Sequence, Sequence, 3, 8, 8, false, true, Sequence, Sequence, Sequence, 3, 8, 8, false, true, 1, 1, 8, Sequence, (LoopScheduler)0, (PipelineVersion)0, _Float16, _Float16, _Float16, Argument, BlockToCTileMap_3DGrid_KSplit PassThrough, PassThrough, PassThrough) (kd)",2,0,44,3536911,3536911,491520,64,6656,0,48,48,32,64,0x0,0x7f705b3935c0,7382139170446402,7382139284816021,7382139288162888,7382139288252904
42,"void kernel_gemm_xdlops_v2r4r2_simplified<GridwiseGemm_bk0mk1_bk0nk1_mn_xdlops_v2r4r2, true, (InMemoryDataOperationEnum)0, BlockToCTileMap_3DGrid_KSplit, PassThrough, PassThrough, PassThrough>(GridwiseGemm_bk0mk1_bk0nk1_mn_xdlops_v2r4r2<64, _Float16, _Float16, float, _Float16, RowMajor, ColumnMajor, RowMajor, PassThrough, PassThrough, PassThrough, (GemmSpecialization)3, 1, 64, 32, 4, 32, 32, 8, 2, 1, Sequence, Sequence, Sequence, 3, 8, 8, false, true, Sequence, Sequence, Sequence, 3, 8, 8, false, true, 1, 1, 8, Sequence, (LoopScheduler)0, (PipelineVersion)0, _Float16, _Float16, _Float16, Argument, BlockToCTileMap_3DGrid_KSplit PassThrough, PassThrough, PassThrough) (kd)",2,0,45,3536911,3536911,491520,64,6656,0,48,48,32,64,0x0,0x7f705b3935c0,7382139170450290,7382139288162888,7382139291541596,7382139291630542
43,"void kernel_gemm_xdlops_v2r4r2_simplified<GridwiseGemm_bk0mk1_bk0nk1_mn_xdlops_v2r4r2, true, (InMemoryDataOperationEnum)0, BlockToCTileMap_3DGrid_KSplit, PassThrough, PassThrough, PassThrough>(GridwiseGemm_bk0mk1_bk0nk1_mn_xdlops_v2r4r2<64, _Float16, _Float16, float, _Float16, RowMajor, ColumnMajor, RowMajor, PassThrough, PassThrough, PassThrough, (GemmSpecialization)3, 1, 64, 32, 4, 32, 32, 8, 2, 1, Sequence, Sequence, Sequence, 3, 8, 8, false, true, Sequence, Sequence, Sequence, 3, 8, 8, false, true, 1, 1, 8, Sequence, (LoopScheduler)0, (PipelineVersion)0, _Float16, _Float16, _Float16, Argument, BlockToCTileMap_3DGrid_KSplit PassThrough, PassThrough, PassThrough) (kd)",2,0,46,3536911,3536911,491520,64,6656,0,48,48,32,64,0x0,0x7f705b3935c0,7382139170456521,7382139291541596,7382139294923504,7382139295012309
44,"void kernel_gemm_xdlops_v2r4r2_simplified<GridwiseGemm_bk0mk1_bk0nk1_mn_xdlops_v2r4r2, true, (InMemoryDataOperationEnum)0, BlockToCTileMap_3DGrid_KSplit, PassThrough, PassThrough, PassThrough>(GridwiseGemm_bk0mk1_bk0nk1_mn_xdlops_v2r4r2<64, _Float16, _Float16, float, _Float16, RowMajor, ColumnMajor, RowMajor, PassThrough, PassThrough, PassThrough, (GemmSpecialization)3, 1, 64, 32, 4, 32, 32, 8, 2, 1, Sequence, Sequence, Sequence, 3, 8, 8, false, true, Sequence, Sequence, Sequence, 3, 8, 8, false, true, 1, 1, 8, Sequence, (LoopScheduler)0, (PipelineVersion)0, _Float16, _Float16, _Float16, Argument, BlockToCTileMap_3DGrid_KSplit PassThrough, PassThrough, PassThrough) (kd)",2,0,47,3536911,3536911,491520,64,6656,0,48,48,32,64,0x0,0x7f705b3935c0,7382139170461470,7382139294923504,7382139298289572,7382139298379288
45,"void kernel_gemm_xdlops_v2r4r2_simplified<GridwiseGemm_bk0mk1_bk0nk1_mn_xdlops_v2r4r2, true, (InMemoryDataOperationEnum)0, BlockToCTileMap_3DGrid_KSplit, PassThrough, PassThrough, PassThrough>(GridwiseGemm_bk0mk1_bk0nk1_mn_xdlops_v2r4r2<64, _Float16, _Float16, float, _Float16, RowMajor, ColumnMajor, RowMajor, PassThrough, PassThrough, PassThrough, (GemmSpecialization)3, 1, 64, 32, 4, 32, 32, 8, 2, 1, Sequence, Sequence, Sequence, 3, 8, 8, false, true, Sequence, Sequence, Sequence, 3, 8, 8, false, true, 1, 1, 8, Sequence, (LoopScheduler)0, (PipelineVersion)0, _Float16, _Float16, _Float16, Argument, BlockToCTileMap_3DGrid_KSplit PassThrough, PassThrough, PassThrough) (kd)",2,0,48,3536911,3536911,491520,64,6656,0,48,48,32,64,0x0,0x7f705b3935c0,7382139170465448,7382139298289572,7382139301652760,7382139301741848
46,"void kernel_gemm_xdlops_v2r4r2_simplified<GridwiseGemm_bk0mk1_bk0nk1_mn_xdlops_v2r4r2, true, (InMemoryDataOperationEnum)0, BlockToCTileMap_3DGrid_KSplit, PassThrough, PassThrough, PassThrough>(GridwiseGemm_bk0mk1_bk0nk1_mn_xdlops_v2r4r2<64, _Float16, _Float16, float, _Float16, RowMajor, ColumnMajor, RowMajor, PassThrough, PassThrough, PassThrough, (GemmSpecialization)3, 1, 64, 32, 4, 32, 32, 8, 2, 1, Sequence, Sequence, Sequence, 3, 8, 8, false, true, Sequence, Sequence, Sequence, 3, 8, 8, false, true, 1, 1, 8, Sequence, (LoopScheduler)0, (PipelineVersion)0, _Float16, _Float16, _Float16, Argument, BlockToCTileMap_3DGrid_KSplit PassThrough, PassThrough, PassThrough) (kd)",2,0,49,3536911,3536911,491520,64,6656,0,48,48,32,64,0x0,0x7f705b3935c0,7382139170469536,7382139301652760,7382139304993229,7382139305085594
47,"void kernel_gemm_xdlops_v2r4r2_simplified<GridwiseGemm_bk0mk1_bk0nk1_mn_xdlops_v2r4r2, true, (InMemoryDataOperationEnum)0, BlockToCTileMap_3DGrid_KSplit, PassThrough, PassThrough, PassThrough>(GridwiseGemm_bk0mk1_bk0nk1_mn_xdlops_v2r4r2<64, _Float16, _Float16, float, _Float16, RowMajor, ColumnMajor, RowMajor, PassThrough, PassThrough, PassThrough, (GemmSpecialization)3, 1, 64, 32, 4, 32, 32, 8, 2, 1, Sequence, Sequence, Sequence, 3, 8, 8, false, true, Sequence, Sequence, Sequence, 3, 8, 8, false, true, 1, 1, 8, Sequence, (LoopScheduler)0, (PipelineVersion)0, _Float16, _Float16, _Float16, Argument, BlockToCTileMap_3DGrid_KSplit PassThrough, PassThrough, PassThrough) (kd)",2,0,50,3536911,3536911,491520,64,6656,0,48,48,32,64,0x0,0x7f705b3935c0,7382139170475006,7382139304993229,7382139308370657,7382139308460498
48,"void kernel_gemm_xdlops_v2r4r2_simplified<GridwiseGemm_bk0mk1_bk0nk1_mn_xdlops_v2r4r2, true, (InMemoryDataOperationEnum)0, BlockToCTileMap_3DGrid_KSplit, PassThrough, PassThrough, PassThrough>(GridwiseGemm_bk0mk1_bk0nk1_mn_xdlops_v2r4r2<64, _Float16, _Float16, float, _Float16, RowMajor, ColumnMajor, RowMajor, PassThrough, PassThrough, PassThrough, (GemmSpecialization)3, 1, 64, 32, 4, 32, 32, 8, 2, 1, Sequence, Sequence, Sequence, 3, 8, 8, false, true, Sequence, Sequence, Sequence, 3, 8, 8, false, true, 1, 1, 8, Sequence, (LoopScheduler)0, (PipelineVersion)0, _Float16, _Float16, _Float16, Argument, BlockToCTileMap_3DGrid_KSplit PassThrough, PassThrough, PassThrough) (kd)",2,0,51,3536911,3536911,491520,64,6656,0,48,48,32,64,0x0,0x7f705b3935c0,7382139170478602,7382139308370657,7382139311796885,7382139311885945
49,"void kernel_gemm_xdlops_v2r4r2_simplified<GridwiseGemm_bk0mk1_bk0nk1_mn_xdlops_v2r4r2, true, (InMemoryDataOperationEnum)0, BlockToCTileMap_3DGrid_KSplit, PassThrough, PassThrough, PassThrough>(GridwiseGemm_bk0mk1_bk0nk1_mn_xdlops_v2r4r2<64, _Float16, _Float16, float, _Float16, RowMajor, ColumnMajor, RowMajor, PassThrough, PassThrough, PassThrough, (GemmSpecialization)3, 1, 64, 32, 4, 32, 32, 8, 2, 1, Sequence, Sequence, Sequence, 3, 8, 8, false, true, Sequence, Sequence, Sequence, 3, 8, 8, false, true, 1, 1, 8, Sequence, (LoopScheduler)0, (PipelineVersion)0, _Float16, _Float16, _Float16, Argument, BlockToCTileMap_3DGrid_KSplit PassThrough, PassThrough, PassThrough) (kd)",2,0,52,3536911,3536911,491520,64,6656,0,48,48,32,64,0x0,0x7f705b3935c0,7382139170483622,7382139311796885,7382139315225032,7382139315313556
50,"void kernel_gemm_xdlops_v2r4r2_simplified<GridwiseGemm_bk0mk1_bk0nk1_mn_xdlops_v2r4r2, true, (InMemoryDataOperationEnum)0, BlockToCTileMap_3DGrid_KSplit, PassThrough, PassThrough, PassThrough>(GridwiseGemm_bk0mk1_bk0nk1_mn_xdlops_v2r4r2<64, _Float16, _Float16, float, _Float16, RowMajor, ColumnMajor, RowMajor, PassThrough, PassThrough, PassThrough, (GemmSpecialization)3, 1, 64, 32, 4, 32, 32, 8, 2, 1, Sequence, Sequence, Sequence, 3, 8, 8, false, true, Sequence, Sequence, Sequence, 3, 8, 8, false, true, 1, 1, 8, Sequence, (LoopScheduler)0, (PipelineVersion)0, _Float16, _Float16, _Float16, Argument, BlockToCTileMap_3DGrid_KSplit PassThrough, PassThrough, PassThrough) (kd)",2,0,53,3536911,3536911,491520,64,6656,0,48,48,32,64,0x0,0x7f705b3935c0,7382139170488631,7382139315225032,7382139318549341,7382139318638407
51,"void kernel_gemm_xdlops_v2r4r2_simplified<GridwiseGemm_bk0mk1_bk0nk1_mn_xdlops_v2r4r2, true, (InMemoryDataOperationEnum)0, BlockToCTileMap_3DGrid_KSplit, PassThrough, PassThrough, PassThrough>(GridwiseGemm_bk0mk1_bk0nk1_mn_xdlops_v2r4r2<64, _Float16, _Float16, float, _Float16, RowMajor, ColumnMajor, RowMajor, PassThrough, PassThrough, PassThrough, (GemmSpecialization)3, 1, 64, 32, 4, 32, 32, 8, 2, 1, Sequence, Sequence, Sequence, 3, 8, 8, false, true, Sequence, Sequence, Sequence, 3, 8, 8, false, true, 1, 1, 8, Sequence, (LoopScheduler)0, (PipelineVersion)0, _Float16, _Float16, _Float16, Argument, BlockToCTileMap_3DGrid_KSplit PassThrough, PassThrough, PassThrough) (kd)",2,0,54,3536911,3536911,491520,64,6656,0,48,48,32,64,0x0,0x7f705b3935c0,7382139170608854,7382139318549341,7382139321903249,7382139321991390
52,"void kernel_gemm_xdlops_v2r4r2_simplified<GridwiseGemm_bk0mk1_bk0nk1_mn_xdlops_v2r4r2, true, (InMemoryDataOperationEnum)0, BlockToCTileMap_3DGrid_KSplit, PassThrough, PassThrough, PassThrough>(GridwiseGemm_bk0mk1_bk0nk1_mn_xdlops_v2r4r2<64, _Float16, _Float16, float, _Float16, RowMajor, ColumnMajor, RowMajor, PassThrough, PassThrough, PassThrough, (GemmSpecialization)3, 1, 64, 32, 4, 32, 32, 8, 2, 1, Sequence, Sequence, Sequence, 3, 8, 8, false, true, Sequence, Sequence, Sequence, 3, 8, 8, false, true, 1, 1, 8, Sequence, (LoopScheduler)0, (PipelineVersion)0, _Float16, _Float16, _Float16, Argument, BlockToCTileMap_3DGrid_KSplit PassThrough, PassThrough, PassThrough) (kd)",2,0,55,3536911,3536911,491520,64,6656,0,48,48,32,64,0x0,0x7f705b3935c0,7382139170613151,7382139321903249,7382139325283397,7382139325371934
53,"void kernel_gemm_xdlops_v2r4r2_simplified<GridwiseGemm_bk0mk1_bk0nk1_mn_xdlops_v2r4r2, true, (InMemoryDataOperationEnum)0, BlockToCTileMap_3DGrid_KSplit, PassThrough, PassThrough, PassThrough>(GridwiseGemm_bk0mk1_bk0nk1_mn_xdlops_v2r4r2<64, _Float16, _Float16, float, _Float16, RowMajor, ColumnMajor, RowMajor, PassThrough, PassThrough, PassThrough, (GemmSpecialization)3, 1, 64, 32, 4, 32, 32, 8, 2, 1, Sequence, Sequence, Sequence, 3, 8, 8, false, true, Sequence, Sequence, Sequence, 3, 8, 8, false, true, 1, 1, 8, Sequence, (LoopScheduler)0, (PipelineVersion)0, _Float16, _Float16, _Float16, Argument, BlockToCTileMap_3DGrid_KSplit PassThrough, PassThrough, PassThrough) (kd)",2,0,56,3536911,3536911,491520,64,6656,0,48,48,32,64,0x0,0x7f705b3935c0,7382139170616979,7382139325283397,7382139328661465,7382139328750013
54,"void kernel_gemm_xdlops_v2r4r2_simplified<GridwiseGemm_bk0mk1_bk0nk1_mn_xdlops_v2r4r2, true, (InMemoryDataOperationEnum)0, BlockToCTileMap_3DGrid_KSplit, PassThrough, PassThrough, PassThrough>(GridwiseGemm_bk0mk1_bk0nk1_mn_xdlops_v2r4r2<64, _Float16, _Float16, float, _Float16, RowMajor, ColumnMajor, RowMajor, PassThrough, PassThrough, PassThrough, (GemmSpecialization)3, 1, 64, 32, 4, 32, 32, 8, 2, 1, Sequence, Sequence, Sequence, 3, 8, 8, false, true, Sequence, Sequence, Sequence, 3, 8, 8, false, true, 1, 1, 8, Sequence, (LoopScheduler)0, (PipelineVersion)0, _Float16, _Float16, _Float16, Argument, BlockToCTileMap_3DGrid_KSplit PassThrough, PassThrough, PassThrough) (kd)",2,0,57,3536911,3536911,491520,64,6656,0,48,48,32,64,0x0,0x7f705b3935c0,7382139170620636,7382139328661465,7382139332009773,7382139332097957
55,"void kernel_gemm_xdlops_v2r4r2_simplified<GridwiseGemm_bk0mk1_bk0nk1_mn_xdlops_v2r4r2, true, (InMemoryDataOperationEnum)0, BlockToCTileMap_3DGrid_KSplit, PassThrough, PassThrough, PassThrough>(GridwiseGemm_bk0mk1_bk0nk1_mn_xdlops_v2r4r2<64, _Float16, _Float16, float, _Float16, RowMajor, ColumnMajor, RowMajor, PassThrough, PassThrough, PassThrough, (GemmSpecialization)3, 1, 64, 32, 4, 32, 32, 8, 2, 1, Sequence, Sequence, Sequence, 3, 8, 8, false, true, Sequence, Sequence, Sequence, 3, 8, 8, false, true, 1, 1, 8, Sequence, (LoopScheduler)0, (PipelineVersion)0, _Float16, _Float16, _Float16, Argument, BlockToCTileMap_3DGrid_KSplit PassThrough, PassThrough, PassThrough) (kd)",2,0,58,3536911,3536911,491520,64,6656,0,48,48,32,64,0x0,0x7f705b3935c0,7382139170625574,7382139332009773,7382139335398721,7382139335487147
56,"void kernel_gemm_xdlops_v2r4r2_simplified<GridwiseGemm_bk0mk1_bk0nk1_mn_xdlops_v2r4r2, true, (InMemoryDataOperationEnum)0, BlockToCTileMap_3DGrid_KSplit, PassThrough, PassThrough, PassThrough>(GridwiseGemm_bk0mk1_bk0nk1_mn_xdlops_v2r4r2<64, _Float16, _Float16, float, _Float16, RowMajor, ColumnMajor, RowMajor, PassThrough, PassThrough, PassThrough, (GemmSpecialization)3, 1, 64, 32, 4, 32, 32, 8, 2, 1, Sequence, Sequence, Sequence, 3, 8, 8, false, true, Sequence, Sequence, Sequence, 3, 8, 8, false, true, 1, 1, 8, Sequence, (LoopScheduler)0, (PipelineVersion)0, _Float16, _Float16, _Float16, Argument, BlockToCTileMap_3DGrid_KSplit PassThrough, PassThrough, PassThrough) (kd)",2,0,59,3536911,3536911,491520,64,6656,0,48,48,32,64,0x0,0x7f705b3935c0,7382139170630944,7382139335398721,7382139338777589,7382139338888730
